{
  "benchmarks": [
    {
      "name": "measureThroughput",
      "fullName": "de.cuioss.jwt.validation.benchmark.standard.SimpleCoreValidationBenchmark.measureThroughput",
      "mode": "thrpt",
      "score": "46K ops/s",
      "scoreUnit": "ops/s",
      "throughput": "46K ops/s",
      "error": 13567.18046147058,
      "errorPercentage": 29.313389282560383,
      "confidenceLow": 32716.039573894614,
      "confidenceHigh": 59850.40049683578,
      "percentiles": {
        "0.0": 40693.783250273285,
        "50.0": 47140.83084461683,
        "90.0": 49658.19445027569,
        "95.0": 49658.19445027569,
        "99.0": 49658.19445027569,
        "99.9": 49658.19445027569,
        "99.99": 49658.19445027569,
        "99.999": 49658.19445027569,
        "99.9999": 49658.19445027569,
        "100.0": 49658.19445027569
      }
    },
    {
      "name": "validateMixedTokens0",
      "fullName": "de.cuioss.jwt.validation.benchmark.standard.SimpleErrorLoadBenchmark.validateMixedTokens0",
      "mode": "thrpt",
      "score": "47K ops/s",
      "scoreUnit": "ops/s",
      "throughput": "47K ops/s",
      "error": 14481.084648630409,
      "errorPercentage": 31.035028081347942,
      "confidenceLow": 32179.36821344882,
      "confidenceHigh": 61141.53751070963,
      "percentiles": {
        "0.0": 40789.18544875519,
        "50.0": 47488.990094704895,
        "90.0": 51001.00404966651,
        "95.0": 51001.00404966651,
        "99.0": 51001.00404966651,
        "99.9": 51001.00404966651,
        "99.99": 51001.00404966651,
        "99.999": 51001.00404966651,
        "99.9999": 51001.00404966651,
        "100.0": 51001.00404966651
      }
    },
    {
      "name": "validateMixedTokens50",
      "fullName": "de.cuioss.jwt.validation.benchmark.standard.SimpleErrorLoadBenchmark.validateMixedTokens50",
      "mode": "thrpt",
      "score": "64K ops/s",
      "scoreUnit": "ops/s",
      "throughput": "64K ops/s",
      "error": 41732.675366576936,
      "errorPercentage": 65.2926350858059,
      "confidenceLow": 22183.68413052857,
      "confidenceHigh": 105649.03486368243,
      "percentiles": {
        "0.0": 51325.05692002768,
        "50.0": 65670.11202061288,
        "90.0": 76695.72567360672,
        "95.0": 76695.72567360672,
        "99.0": 76695.72567360672,
        "99.9": 76695.72567360672,
        "99.99": 76695.72567360672,
        "99.999": 76695.72567360672,
        "99.9999": 76695.72567360672,
        "100.0": 76695.72567360672
      }
    },
    {
      "name": "measureAverageTime",
      "fullName": "de.cuioss.jwt.validation.benchmark.standard.SimpleCoreValidationBenchmark.measureAverageTime",
      "mode": "avgt",
      "score": "2.2ms",
      "scoreUnit": "us/op",
      "latency": "2.2ms",
      "error": 365.5889977749217,
      "errorPercentage": 16.48872174723428,
      "confidenceLow": 1851.6174259810218,
      "confidenceHigh": 2582.795421530865,
      "percentiles": {
        "0.0": 2098.4534513970266,
        "50.0": 2217.3239474201314,
        "90.0": 2328.6495522240666,
        "95.0": 2328.6495522240666,
        "99.0": 2328.6495522240666,
        "99.9": 2328.6495522240666,
        "99.99": 2328.6495522240666,
        "99.999": 2328.6495522240666,
        "99.9999": 2328.6495522240666,
        "100.0": 2328.6495522240666
      }
    },
    {
      "name": "measureConcurrentValidation",
      "fullName": "de.cuioss.jwt.validation.benchmark.standard.SimpleCoreValidationBenchmark.measureConcurrentValidation",
      "mode": "avgt",
      "score": "2.3ms",
      "scoreUnit": "us/op",
      "latency": "2.3ms",
      "error": 868.9165338904378,
      "errorPercentage": 37.96846920499031,
      "confidenceLow": 1419.6048420944371,
      "confidenceHigh": 3157.4379098753125,
      "percentiles": {
        "0.0": 2101.7915765191397,
        "50.0": 2205.211213348483,
        "90.0": 2658.8160429488053,
        "95.0": 2658.8160429488053,
        "99.0": 2658.8160429488053,
        "99.9": 2658.8160429488053,
        "99.99": 2658.8160429488053,
        "99.999": 2658.8160429488053,
        "99.9999": 2658.8160429488053,
        "100.0": 2658.8160429488053
      }
    }
  ],
  "generated": "2025-09-22T06:32:59.076386948Z"
}