{
  "benchmarks": [
    {
      "name": "measureThroughput",
      "fullName": "de.cuioss.jwt.validation.benchmark.standard.SimpleCoreValidationBenchmark.measureThroughput",
      "mode": "thrpt",
      "score": "48K ops/s",
      "scoreUnit": "ops/s",
      "throughput": "48K ops/s",
      "error": 14087.581148102003,
      "errorPercentage": 29.49343260979661,
      "confidenceLow": 33677.564857394274,
      "confidenceHigh": 61852.72715359829,
      "percentiles": {
        "0.0": 41243.742504178954,
        "50.0": 49248.68025927031,
        "90.0": 49879.62832604671,
        "95.0": 49879.62832604671,
        "99.0": 49879.62832604671,
        "99.9": 49879.62832604671,
        "99.99": 49879.62832604671,
        "99.999": 49879.62832604671,
        "99.9999": 49879.62832604671,
        "100.0": 49879.62832604671
      }
    },
    {
      "name": "validateMixedTokens0",
      "fullName": "de.cuioss.jwt.validation.benchmark.standard.SimpleErrorLoadBenchmark.validateMixedTokens0",
      "mode": "thrpt",
      "score": "48K ops/s",
      "scoreUnit": "ops/s",
      "throughput": "48K ops/s",
      "error": 14998.500519767245,
      "errorPercentage": 31.146036416041024,
      "confidenceLow": 33156.90622098461,
      "confidenceHigh": 63153.907260519096,
      "percentiles": {
        "0.0": 41581.94128450024,
        "50.0": 50003.72816306487,
        "90.0": 51101.85439681704,
        "95.0": 51101.85439681704,
        "99.0": 51101.85439681704,
        "99.9": 51101.85439681704,
        "99.99": 51101.85439681704,
        "99.999": 51101.85439681704,
        "99.9999": 51101.85439681704,
        "100.0": 51101.85439681704
      }
    },
    {
      "name": "validateMixedTokens50",
      "fullName": "de.cuioss.jwt.validation.benchmark.standard.SimpleErrorLoadBenchmark.validateMixedTokens50",
      "mode": "thrpt",
      "score": "66K ops/s",
      "scoreUnit": "ops/s",
      "throughput": "66K ops/s",
      "error": 30637.412036345635,
      "errorPercentage": 46.107879571405306,
      "confidenceLow": 35809.825011063556,
      "confidenceHigh": 97084.64908375482,
      "percentiles": {
        "0.0": 55709.01461656592,
        "50.0": 65364.038527439996,
        "90.0": 74791.84619429271,
        "95.0": 74791.84619429271,
        "99.0": 74791.84619429271,
        "99.9": 74791.84619429271,
        "99.99": 74791.84619429271,
        "99.999": 74791.84619429271,
        "99.9999": 74791.84619429271,
        "100.0": 74791.84619429271
      }
    },
    {
      "name": "measureAverageTime",
      "fullName": "de.cuioss.jwt.validation.benchmark.standard.SimpleCoreValidationBenchmark.measureAverageTime",
      "mode": "avgt",
      "score": "2.2ms",
      "scoreUnit": "us/op",
      "latency": "2.2ms",
      "error": 526.2673602603129,
      "errorPercentage": 24.12811983420316,
      "confidenceLow": 1654.8696859603176,
      "confidenceHigh": 2707.404406480943,
      "percentiles": {
        "0.0": 2086.223141982605,
        "50.0": 2125.4024004610656,
        "90.0": 2419.7608303746815,
        "95.0": 2419.7608303746815,
        "99.0": 2419.7608303746815,
        "99.9": 2419.7608303746815,
        "99.99": 2419.7608303746815,
        "99.999": 2419.7608303746815,
        "99.9999": 2419.7608303746815,
        "100.0": 2419.7608303746815
      }
    },
    {
      "name": "measureConcurrentValidation",
      "fullName": "de.cuioss.jwt.validation.benchmark.standard.SimpleCoreValidationBenchmark.measureConcurrentValidation",
      "mode": "avgt",
      "score": "2.3ms",
      "scoreUnit": "us/op",
      "latency": "2.3ms",
      "error": 948.2387759186267,
      "errorPercentage": 42.029205513005344,
      "confidenceLow": 1307.9037429429482,
      "confidenceHigh": 3204.3812947802016,
      "percentiles": {
        "0.0": 2077.932150748585,
        "50.0": 2166.1967673605263,
        "90.0": 2676.7830023697297,
        "95.0": 2676.7830023697297,
        "99.0": 2676.7830023697297,
        "99.9": 2676.7830023697297,
        "99.99": 2676.7830023697297,
        "99.999": 2676.7830023697297,
        "99.9999": 2676.7830023697297,
        "100.0": 2676.7830023697297
      }
    }
  ],
  "generated": "2025-09-22T11:05:13.480672470Z"
}