{
  "benchmarks": [
    {
      "name": "measureThroughput",
      "fullName": "de.cuioss.jwt.validation.benchmark.standard.SimpleCoreValidationBenchmark.measureThroughput",
      "mode": "thrpt",
      "score": "45K ops/s",
      "scoreUnit": "ops/s",
      "throughput": "45K ops/s",
      "error": 11414.935722063548,
      "errorPercentage": 25.45813489234194,
      "confidenceLow": 33423.13183604839,
      "confidenceHigh": 56253.00328017549,
      "percentiles": {
        "0.0": 40248.86327552855,
        "50.0": 44992.36737326351,
        "90.0": 48293.60327173961,
        "95.0": 48293.60327173961,
        "99.0": 48293.60327173961,
        "99.9": 48293.60327173961,
        "99.99": 48293.60327173961,
        "99.999": 48293.60327173961,
        "99.9999": 48293.60327173961,
        "100.0": 48293.60327173961
      }
    },
    {
      "name": "validateMixedTokens0",
      "fullName": "de.cuioss.jwt.validation.benchmark.standard.SimpleErrorLoadBenchmark.validateMixedTokens0",
      "mode": "thrpt",
      "score": "45K ops/s",
      "scoreUnit": "ops/s",
      "throughput": "45K ops/s",
      "error": 14307.310116315586,
      "errorPercentage": 31.9359251133649,
      "confidenceLow": 30492.738936680544,
      "confidenceHigh": 59107.35916931172,
      "percentiles": {
        "0.0": 39192.609126455514,
        "50.0": 46242.958199165,
        "90.0": 48680.27666053165,
        "95.0": 48680.27666053165,
        "99.0": 48680.27666053165,
        "99.9": 48680.27666053165,
        "99.99": 48680.27666053165,
        "99.999": 48680.27666053165,
        "99.9999": 48680.27666053165,
        "100.0": 48680.27666053165
      }
    },
    {
      "name": "validateMixedTokens50",
      "fullName": "de.cuioss.jwt.validation.benchmark.standard.SimpleErrorLoadBenchmark.validateMixedTokens50",
      "mode": "thrpt",
      "score": "60K ops/s",
      "scoreUnit": "ops/s",
      "throughput": "60K ops/s",
      "error": 26003.381770374028,
      "errorPercentage": 43.5268469747609,
      "confidenceLow": 33737.63688290017,
      "confidenceHigh": 85744.40042364823,
      "percentiles": {
        "0.0": 54322.36524927079,
        "50.0": 58743.97538190894,
        "90.0": 71291.76668045468,
        "95.0": 71291.76668045468,
        "99.0": 71291.76668045468,
        "99.9": 71291.76668045468,
        "99.99": 71291.76668045468,
        "99.999": 71291.76668045468,
        "99.9999": 71291.76668045468,
        "100.0": 71291.76668045468
      }
    },
    {
      "name": "measureAverageTime",
      "fullName": "de.cuioss.jwt.validation.benchmark.standard.SimpleCoreValidationBenchmark.measureAverageTime",
      "mode": "avgt",
      "score": "2.3ms",
      "scoreUnit": "us/op",
      "latency": "2.3ms",
      "error": 1056.0659712774739,
      "errorPercentage": 45.15484055506539,
      "confidenceLow": 1282.69983609953,
      "confidenceHigh": 3394.8317786544776,
      "percentiles": {
        "0.0": 2133.8883186754883,
        "50.0": 2226.814900933157,
        "90.0": 2818.0966150537834,
        "95.0": 2818.0966150537834,
        "99.0": 2818.0966150537834,
        "99.9": 2818.0966150537834,
        "99.99": 2818.0966150537834,
        "99.999": 2818.0966150537834,
        "99.9999": 2818.0966150537834,
        "100.0": 2818.0966150537834
      }
    },
    {
      "name": "measureConcurrentValidation",
      "fullName": "de.cuioss.jwt.validation.benchmark.standard.SimpleCoreValidationBenchmark.measureConcurrentValidation",
      "mode": "avgt",
      "score": "2.6ms",
      "scoreUnit": "us/op",
      "latency": "2.6ms",
      "error": 1773.3998343978287,
      "errorPercentage": 68.3294185450338,
      "confidenceLow": 821.9681230055198,
      "confidenceHigh": 4368.767791801178,
      "percentiles": {
        "0.0": 2152.5748855830407,
        "50.0": 2361.40679363898,
        "90.0": 3268.170360904428,
        "95.0": 3268.170360904428,
        "99.0": 3268.170360904428,
        "99.9": 3268.170360904428,
        "99.99": 3268.170360904428,
        "99.999": 3268.170360904428,
        "99.9999": 3268.170360904428,
        "100.0": 3268.170360904428
      }
    }
  ],
  "generated": "2025-09-22T08:43:39.792596123Z"
}