{
  "benchmarks": [
    {
      "name": "measureThroughput",
      "fullName": "de.cuioss.jwt.validation.benchmark.standard.SimpleCoreValidationBenchmark.measureThroughput",
      "mode": "thrpt",
      "score": "46K ops/s",
      "scoreUnit": "ops/s",
      "throughput": "46K ops/s",
      "error": 12905.416706632544,
      "errorPercentage": 27.849217308665143,
      "confidenceLow": 33434.90432859127,
      "confidenceHigh": 59245.73774185636,
      "percentiles": {
        "0.0": 40671.82395086801,
        "50.0": 47358.30234428798,
        "90.0": 48936.859108233526,
        "95.0": 48936.859108233526,
        "99.0": 48936.859108233526,
        "99.9": 48936.859108233526,
        "99.99": 48936.859108233526,
        "99.999": 48936.859108233526,
        "99.9999": 48936.859108233526,
        "100.0": 48936.859108233526
      }
    },
    {
      "name": "validateMixedTokens0",
      "fullName": "de.cuioss.jwt.validation.benchmark.standard.SimpleErrorLoadBenchmark.validateMixedTokens0",
      "mode": "thrpt",
      "score": "48K ops/s",
      "scoreUnit": "ops/s",
      "throughput": "48K ops/s",
      "error": 10246.310837126708,
      "errorPercentage": 21.484684043022643,
      "confidenceLow": 37444.922678845316,
      "confidenceHigh": 57937.54435309873,
      "percentiles": {
        "0.0": 43162.28666691826,
        "50.0": 48301.93913234474,
        "90.0": 49909.43155206125,
        "95.0": 49909.43155206125,
        "99.0": 49909.43155206125,
        "99.9": 49909.43155206125,
        "99.99": 49909.43155206125,
        "99.999": 49909.43155206125,
        "99.9999": 49909.43155206125,
        "100.0": 49909.43155206125
      }
    },
    {
      "name": "validateMixedTokens50",
      "fullName": "de.cuioss.jwt.validation.benchmark.standard.SimpleErrorLoadBenchmark.validateMixedTokens50",
      "mode": "thrpt",
      "score": "67K ops/s",
      "scoreUnit": "ops/s",
      "throughput": "67K ops/s",
      "error": 31885.32774517447,
      "errorPercentage": 47.27337490714743,
      "confidenceLow": 35563.479977571,
      "confidenceHigh": 99334.13546791993,
      "percentiles": {
        "0.0": 55105.52403424335,
        "50.0": 70661.80725173582,
        "90.0": 75446.25701354601,
        "95.0": 75446.25701354601,
        "99.0": 75446.25701354601,
        "99.9": 75446.25701354601,
        "99.99": 75446.25701354601,
        "99.999": 75446.25701354601,
        "99.9999": 75446.25701354601,
        "100.0": 75446.25701354601
      }
    },
    {
      "name": "measureAverageTime",
      "fullName": "de.cuioss.jwt.validation.benchmark.standard.SimpleCoreValidationBenchmark.measureAverageTime",
      "mode": "avgt",
      "score": "2.2ms",
      "scoreUnit": "us/op",
      "latency": "2.2ms",
      "error": 566.2237447014226,
      "errorPercentage": 26.11788195961322,
      "confidenceLow": 1601.7305541080655,
      "confidenceHigh": 2734.178043510911,
      "percentiles": {
        "0.0": 2063.0383424983265,
        "50.0": 2122.226045404893,
        "90.0": 2424.150933758063,
        "95.0": 2424.150933758063,
        "99.0": 2424.150933758063,
        "99.9": 2424.150933758063,
        "99.99": 2424.150933758063,
        "99.999": 2424.150933758063,
        "99.9999": 2424.150933758063,
        "100.0": 2424.150933758063
      }
    },
    {
      "name": "measureConcurrentValidation",
      "fullName": "de.cuioss.jwt.validation.benchmark.standard.SimpleCoreValidationBenchmark.measureConcurrentValidation",
      "mode": "avgt",
      "score": "2.2ms",
      "scoreUnit": "us/op",
      "latency": "2.2ms",
      "error": 615.750662646471,
      "errorPercentage": 27.71084650574088,
      "confidenceLow": 1606.3058253027712,
      "confidenceHigh": 2837.807150595713,
      "percentiles": {
        "0.0": 2114.313196554116,
        "50.0": 2150.1553611435256,
        "90.0": 2500.971922550324,
        "95.0": 2500.971922550324,
        "99.0": 2500.971922550324,
        "99.9": 2500.971922550324,
        "99.99": 2500.971922550324,
        "99.999": 2500.971922550324,
        "99.9999": 2500.971922550324,
        "100.0": 2500.971922550324
      }
    }
  ],
  "generated": "2025-09-21T20:00:27.044552241Z"
}