{
  "benchmarks": [
    {
      "name": "measureThroughput",
      "fullName": "de.cuioss.jwt.validation.benchmark.standard.SimpleCoreValidationBenchmark.measureThroughput",
      "mode": "thrpt",
      "score": "46K ops/s",
      "scoreUnit": "ops/s",
      "throughput": "46K ops/s",
      "error": 11874.777396956373,
      "errorPercentage": 25.563592042388766,
      "confidenceLow": 34577.135062239424,
      "confidenceHigh": 58326.68985615217,
      "percentiles": {
        "0.0": 41039.66533410447,
        "50.0": 47464.92410349807,
        "90.0": 48579.74162798446,
        "95.0": 48579.74162798446,
        "99.0": 48579.74162798446,
        "99.9": 48579.74162798446,
        "99.99": 48579.74162798446,
        "99.999": 48579.74162798446,
        "99.9999": 48579.74162798446,
        "100.0": 48579.74162798446
      }
    },
    {
      "name": "validateMixedTokens0",
      "fullName": "de.cuioss.jwt.validation.benchmark.standard.SimpleErrorLoadBenchmark.validateMixedTokens0",
      "mode": "thrpt",
      "score": "45K ops/s",
      "scoreUnit": "ops/s",
      "throughput": "45K ops/s",
      "error": 12410.69544283773,
      "errorPercentage": 27.361582317149598,
      "confidenceLow": 32947.41030917866,
      "confidenceHigh": 57768.80119485412,
      "percentiles": {
        "0.0": 40370.57536599335,
        "50.0": 47286.6877536823,
        "90.0": 47833.95514279776,
        "95.0": 47833.95514279776,
        "99.0": 47833.95514279776,
        "99.9": 47833.95514279776,
        "99.99": 47833.95514279776,
        "99.999": 47833.95514279776,
        "99.9999": 47833.95514279776,
        "100.0": 47833.95514279776
      }
    },
    {
      "name": "validateMixedTokens50",
      "fullName": "de.cuioss.jwt.validation.benchmark.standard.SimpleErrorLoadBenchmark.validateMixedTokens50",
      "mode": "thrpt",
      "score": "64K ops/s",
      "scoreUnit": "ops/s",
      "throughput": "64K ops/s",
      "error": 47144.74099269997,
      "errorPercentage": 73.28817851605741,
      "confidenceLow": 17183.151918938667,
      "confidenceHigh": 111472.63390433861,
      "percentiles": {
        "0.0": 47397.84755810502,
        "50.0": 67600.45621222473,
        "90.0": 76371.57957548952,
        "95.0": 76371.57957548952,
        "99.0": 76371.57957548952,
        "99.9": 76371.57957548952,
        "99.99": 76371.57957548952,
        "99.999": 76371.57957548952,
        "99.9999": 76371.57957548952,
        "100.0": 76371.57957548952
      }
    },
    {
      "name": "measureAverageTime",
      "fullName": "de.cuioss.jwt.validation.benchmark.standard.SimpleCoreValidationBenchmark.measureAverageTime",
      "mode": "avgt",
      "score": "2.3ms",
      "scoreUnit": "us/op",
      "latency": "2.3ms",
      "error": 996.0099044403414,
      "errorPercentage": 42.92018138206725,
      "confidenceLow": 1324.599823589584,
      "confidenceHigh": 3316.619632470267,
      "percentiles": {
        "0.0": 2148.7762879077677,
        "50.0": 2234.904279354985,
        "90.0": 2778.6250778830417,
        "95.0": 2778.6250778830417,
        "99.0": 2778.6250778830417,
        "99.9": 2778.6250778830417,
        "99.99": 2778.6250778830417,
        "99.999": 2778.6250778830417,
        "99.9999": 2778.6250778830417,
        "100.0": 2778.6250778830417
      }
    },
    {
      "name": "measureConcurrentValidation",
      "fullName": "de.cuioss.jwt.validation.benchmark.standard.SimpleCoreValidationBenchmark.measureConcurrentValidation",
      "mode": "avgt",
      "score": "2.3ms",
      "scoreUnit": "us/op",
      "latency": "2.3ms",
      "error": 850.8106343669173,
      "errorPercentage": 36.71539840373545,
      "confidenceLow": 1466.502186295149,
      "confidenceHigh": 3168.1234550289837,
      "percentiles": {
        "0.0": 2138.2505727031125,
        "50.0": 2286.254963797963,
        "90.0": 2684.222985573748,
        "95.0": 2684.222985573748,
        "99.0": 2684.222985573748,
        "99.9": 2684.222985573748,
        "99.99": 2684.222985573748,
        "99.999": 2684.222985573748,
        "99.9999": 2684.222985573748,
        "100.0": 2684.222985573748
      }
    }
  ],
  "generated": "2025-09-20T13:59:53.225272562Z"
}