{
  "benchmarks": [
    {
      "name": "measureThroughput",
      "fullName": "de.cuioss.jwt.validation.benchmark.standard.SimpleCoreValidationBenchmark.measureThroughput",
      "mode": "thrpt",
      "score": "48K ops/s",
      "scoreUnit": "ops/s",
      "throughput": "48K ops/s",
      "error": 10203.538349164515,
      "errorPercentage": 21.254514676578715,
      "confidenceLow": 37802.91347731846,
      "confidenceHigh": 58209.9901756475,
      "percentiles": {
        "0.0": 43577.75722202548,
        "50.0": 48828.401272057316,
        "90.0": 50007.83100736223,
        "95.0": 50007.83100736223,
        "99.0": 50007.83100736223,
        "99.9": 50007.83100736223,
        "99.99": 50007.83100736223,
        "99.999": 50007.83100736223,
        "99.9999": 50007.83100736223,
        "100.0": 50007.83100736223
      }
    },
    {
      "name": "validateMixedTokens0",
      "fullName": "de.cuioss.jwt.validation.benchmark.standard.SimpleErrorLoadBenchmark.validateMixedTokens0",
      "mode": "thrpt",
      "score": "47K ops/s",
      "scoreUnit": "ops/s",
      "throughput": "47K ops/s",
      "error": 12776.824062302016,
      "errorPercentage": 27.280134473665434,
      "confidenceLow": 34058.81039776993,
      "confidenceHigh": 59612.45852237396,
      "percentiles": {
        "0.0": 41280.61324020588,
        "50.0": 47632.55291236236,
        "90.0": 50149.625186693986,
        "95.0": 50149.625186693986,
        "99.0": 50149.625186693986,
        "99.9": 50149.625186693986,
        "99.99": 50149.625186693986,
        "99.999": 50149.625186693986,
        "99.9999": 50149.625186693986,
        "100.0": 50149.625186693986
      }
    },
    {
      "name": "validateMixedTokens50",
      "fullName": "de.cuioss.jwt.validation.benchmark.standard.SimpleErrorLoadBenchmark.validateMixedTokens50",
      "mode": "thrpt",
      "score": "66K ops/s",
      "scoreUnit": "ops/s",
      "throughput": "66K ops/s",
      "error": 38965.90202387507,
      "errorPercentage": 59.29199744185597,
      "confidenceLow": 26752.750922648687,
      "confidenceHigh": 104684.55497039882,
      "percentiles": {
        "0.0": 51473.063590184225,
        "50.0": 69049.77991733936,
        "90.0": 75307.54021850823,
        "95.0": 75307.54021850823,
        "99.0": 75307.54021850823,
        "99.9": 75307.54021850823,
        "99.99": 75307.54021850823,
        "99.999": 75307.54021850823,
        "99.9999": 75307.54021850823,
        "100.0": 75307.54021850823
      }
    },
    {
      "name": "measureAverageTime",
      "fullName": "de.cuioss.jwt.validation.benchmark.standard.SimpleCoreValidationBenchmark.measureAverageTime",
      "mode": "avgt",
      "score": "2.3ms",
      "scoreUnit": "us/op",
      "latency": "2.3ms",
      "error": 1444.6436568391762,
      "errorPercentage": 62.05729442622303,
      "confidenceLow": 883.275518813324,
      "confidenceHigh": 3772.562832491676,
      "percentiles": {
        "0.0": 2083.282046576456,
        "50.0": 2159.2799552926117,
        "90.0": 2984.9779382201828,
        "95.0": 2984.9779382201828,
        "99.0": 2984.9779382201828,
        "99.9": 2984.9779382201828,
        "99.99": 2984.9779382201828,
        "99.999": 2984.9779382201828,
        "99.9999": 2984.9779382201828,
        "100.0": 2984.9779382201828
      }
    },
    {
      "name": "measureConcurrentValidation",
      "fullName": "de.cuioss.jwt.validation.benchmark.standard.SimpleCoreValidationBenchmark.measureConcurrentValidation",
      "mode": "avgt",
      "score": "2.3ms",
      "scoreUnit": "us/op",
      "latency": "2.3ms",
      "error": 877.6357955155468,
      "errorPercentage": 38.20926751194229,
      "confidenceLow": 1419.2828649671283,
      "confidenceHigh": 3174.554455998222,
      "percentiles": {
        "0.0": 2083.9624066110405,
        "50.0": 2206.2810660270834,
        "90.0": 2634.642696760898,
        "95.0": 2634.642696760898,
        "99.0": 2634.642696760898,
        "99.9": 2634.642696760898,
        "99.99": 2634.642696760898,
        "99.999": 2634.642696760898,
        "99.9999": 2634.642696760898,
        "100.0": 2634.642696760898
      }
    }
  ],
  "generated": "2025-09-20T14:21:45.388760625Z"
}