{
  "benchmarks": [
    {
      "name": "measureThroughput",
      "fullName": "de.cuioss.jwt.validation.benchmark.standard.SimpleCoreValidationBenchmark.measureThroughput",
      "mode": "thrpt",
      "score": "47K ops/s",
      "scoreUnit": "ops/s",
      "throughput": "47K ops/s",
      "error": 16754.340765846693,
      "errorPercentage": 35.55047211480131,
      "confidenceLow": 30373.980657685363,
      "confidenceHigh": 63882.66218937875,
      "percentiles": {
        "0.0": 41145.99798588135,
        "50.0": 46701.932124767125,
        "90.0": 51468.24471351545,
        "95.0": 51468.24471351545,
        "99.0": 51468.24471351545,
        "99.9": 51468.24471351545,
        "99.99": 51468.24471351545,
        "99.999": 51468.24471351545,
        "99.9999": 51468.24471351545,
        "100.0": 51468.24471351545
      }
    },
    {
      "name": "validateMixedTokens0",
      "fullName": "de.cuioss.jwt.validation.benchmark.standard.SimpleErrorLoadBenchmark.validateMixedTokens0",
      "mode": "thrpt",
      "score": "47K ops/s",
      "scoreUnit": "ops/s",
      "throughput": "47K ops/s",
      "error": 9736.12860979954,
      "errorPercentage": 20.724375079411573,
      "confidenceLow": 37242.989324964154,
      "confidenceHigh": 56715.24654456323,
      "percentiles": {
        "0.0": 42519.35857029389,
        "50.0": 47885.30306344566,
        "90.0": 48580.97851845335,
        "95.0": 48580.97851845335,
        "99.0": 48580.97851845335,
        "99.9": 48580.97851845335,
        "99.99": 48580.97851845335,
        "99.999": 48580.97851845335,
        "99.9999": 48580.97851845335,
        "100.0": 48580.97851845335
      }
    },
    {
      "name": "validateMixedTokens50",
      "fullName": "de.cuioss.jwt.validation.benchmark.standard.SimpleErrorLoadBenchmark.validateMixedTokens50",
      "mode": "thrpt",
      "score": "67K ops/s",
      "scoreUnit": "ops/s",
      "throughput": "67K ops/s",
      "error": 23590.961159530034,
      "errorPercentage": 35.04184853172018,
      "confidenceLow": 43731.28965773292,
      "confidenceHigh": 90913.211976793,
      "percentiles": {
        "0.0": 59234.5237326165,
        "50.0": 71100.55554057476,
        "90.0": 72537.3686768003,
        "95.0": 72537.3686768003,
        "99.0": 72537.3686768003,
        "99.9": 72537.3686768003,
        "99.99": 72537.3686768003,
        "99.999": 72537.3686768003,
        "99.9999": 72537.3686768003,
        "100.0": 72537.3686768003
      }
    },
    {
      "name": "measureAverageTime",
      "fullName": "de.cuioss.jwt.validation.benchmark.standard.SimpleCoreValidationBenchmark.measureAverageTime",
      "mode": "avgt",
      "score": "2.3ms",
      "scoreUnit": "us/op",
      "latency": "2.3ms",
      "error": 544.5419754337801,
      "errorPercentage": 23.806545603502496,
      "confidenceLow": 1742.820435321291,
      "confidenceHigh": 2831.904386188851,
      "percentiles": {
        "0.0": 2170.9884457228827,
        "50.0": 2215.295392987735,
        "90.0": 2482.239651844895,
        "95.0": 2482.239651844895,
        "99.0": 2482.239651844895,
        "99.9": 2482.239651844895,
        "99.99": 2482.239651844895,
        "99.999": 2482.239651844895,
        "99.9999": 2482.239651844895,
        "100.0": 2482.239651844895
      }
    },
    {
      "name": "measureConcurrentValidation",
      "fullName": "de.cuioss.jwt.validation.benchmark.standard.SimpleCoreValidationBenchmark.measureConcurrentValidation",
      "mode": "avgt",
      "score": "2.4ms",
      "scoreUnit": "us/op",
      "latency": "2.4ms",
      "error": 1299.0926382920636,
      "errorPercentage": 55.051155462319166,
      "confidenceLow": 1060.6991360717873,
      "confidenceHigh": 3658.8844126559143,
      "percentiles": {
        "0.0": 2083.3424838073056,
        "50.0": 2254.5735819234774,
        "90.0": 2939.24379053076,
        "95.0": 2939.24379053076,
        "99.0": 2939.24379053076,
        "99.9": 2939.24379053076,
        "99.99": 2939.24379053076,
        "99.999": 2939.24379053076,
        "99.9999": 2939.24379053076,
        "100.0": 2939.24379053076
      }
    }
  ],
  "generated": "2025-09-22T08:06:23.586682745Z"
}