{
  "timestamp": "2025-08-26T21:51:42.220411950Z",
  "benchmarks": {
    "SimpleCoreValidation_measureThroughput": {
      "score": 47947.34393692672,
      "unit": "ops/s",
      "mode": "Throughput",
      "statistics": {
        "mean": 47947.34393692672,
        "stddev": 354.13525557512844,
        "min": 47316.13217111892,
        "max": 48137.93506501784,
        "n": 5,
        "p50": 48109.07211494861,
        "p95": 48137.93506501784,
        "p99": 48137.93506501784
      },
      "normalized": {
        "throughput_ops_per_sec": 47947.34393692672,
        "latency_ms_per_op": 0.020856212625989662
      }
    },
    "SimpleErrorLoad_validateMixedTokens0": {
      "score": 49493.44965949657,
      "unit": "ops/s",
      "mode": "Throughput",
      "statistics": {
        "mean": 49493.44965949657,
        "stddev": 100.64749533228299,
        "min": 49360.62131581775,
        "max": 49605.4419739319,
        "n": 5,
        "p50": 49474.529968537434,
        "p95": 49605.4419739319,
        "p99": 49605.4419739319
      },
      "normalized": {
        "throughput_ops_per_sec": 49493.44965949657,
        "latency_ms_per_op": 0.02020469389140922
      }
    },
    "SimpleErrorLoad_validateMixedTokens50": {
      "score": 87350.0273786677,
      "unit": "ops/s",
      "mode": "Throughput",
      "statistics": {
        "mean": 87350.0273786677,
        "stddev": 101.08442722730322,
        "min": 87231.66342566744,
        "max": 87446.77790158657,
        "n": 5,
        "p50": 87372.8417268805,
        "p95": 87446.77790158657,
        "p99": 87446.77790158657
      },
      "normalized": {
        "throughput_ops_per_sec": 87350.0273786677,
        "latency_ms_per_op": 0.011448193320706575
      }
    },
    "SimpleCoreValidation_measureAverageTime": {
      "score": 163.49853863676896,
      "unit": "us/op",
      "mode": "AverageTime",
      "statistics": {
        "mean": 163.49853863676896,
        "stddev": 0.41568184077910164,
        "min": 163.12351023163174,
        "max": 164.19762437619195,
        "n": 5,
        "p50": 163.43229044348118,
        "p95": 164.19762437619195,
        "p99": 164.19762437619195
      },
      "normalized": {
        "throughput_ops_per_sec": 0.0061162626182342614,
        "latency_ms_per_op": 163498.53863676896
      }
    },
    "SimpleCoreValidation_measureConcurrentValidation": {
      "score": 161.19830299226754,
      "unit": "us/op",
      "mode": "AverageTime",
      "statistics": {
        "mean": 161.19830299226754,
        "stddev": 0.7627694136901485,
        "min": 160.321465770334,
        "max": 162.37891849770284,
        "n": 5,
        "p50": 161.17830131779536,
        "p95": 162.37891849770284,
        "p99": 162.37891849770284
      },
      "normalized": {
        "throughput_ops_per_sec": 0.006203539252196523,
        "latency_ms_per_op": 161198.30299226753
      }
    }
  },
  "summary": {
    "total_benchmarks": 5,
    "total_score": 185115.51781672004,
    "average_throughput": 61596.94032503033,
    "performance_grade": "B"
  }
}