{
  "timestamp": "2025-08-26T20:45:15.246355972Z",
  "benchmarks": {
    "SimpleCoreValidation_measureThroughput": {
      "score": 49353.25572337555,
      "unit": "ops/s",
      "mode": "Throughput",
      "statistics": {
        "mean": 49353.25572337555,
        "stddev": 107.31166522760135,
        "min": 49274.21575172267,
        "max": 49522.565186461645,
        "n": 5,
        "p50": 49297.830139680605,
        "p95": 49522.565186461645,
        "p99": 49522.565186461645
      },
      "normalized": {
        "throughput_ops_per_sec": 49353.25572337555,
        "latency_ms_per_op": 0.020262087786163265
      }
    },
    "SimpleErrorLoad_validateMixedTokens0": {
      "score": 48681.25933207099,
      "unit": "ops/s",
      "mode": "Throughput",
      "statistics": {
        "mean": 48681.25933207099,
        "stddev": 126.1031290315041,
        "min": 48527.796139816615,
        "max": 48818.58517545451,
        "n": 5,
        "p50": 48633.67575154167,
        "p95": 48818.58517545451,
        "p99": 48818.58517545451
      },
      "normalized": {
        "throughput_ops_per_sec": 48681.25933207099,
        "latency_ms_per_op": 0.02054178576562017
      }
    },
    "SimpleErrorLoad_validateMixedTokens50": {
      "score": 87074.186222085,
      "unit": "ops/s",
      "mode": "Throughput",
      "statistics": {
        "mean": 87074.186222085,
        "stddev": 657.6659112410662,
        "min": 85909.6609362509,
        "max": 87462.57883179722,
        "n": 5,
        "p50": 87318.26562147886,
        "p95": 87462.57883179722,
        "p99": 87462.57883179722
      },
      "normalized": {
        "throughput_ops_per_sec": 87074.186222085,
        "latency_ms_per_op": 0.011484459900084208
      }
    },
    "SimpleCoreValidation_measureAverageTime": {
      "score": 162.30313775849933,
      "unit": "us/op",
      "mode": "AverageTime",
      "statistics": {
        "mean": 162.30313775849933,
        "stddev": 0.35965830776076146,
        "min": 161.87241804766109,
        "max": 162.76575162883452,
        "n": 5,
        "p50": 162.19040539300602,
        "p95": 162.76575162883452,
        "p99": 162.76575162883452
      },
      "normalized": {
        "throughput_ops_per_sec": 0.006161310334541779,
        "latency_ms_per_op": 162303.13775849933
      }
    },
    "SimpleCoreValidation_measureConcurrentValidation": {
      "score": 164.29392543936729,
      "unit": "us/op",
      "mode": "AverageTime",
      "statistics": {
        "mean": 164.29392543936729,
        "stddev": 0.6380347037558232,
        "min": 163.61043889449414,
        "max": 165.34079345937286,
        "n": 5,
        "p50": 164.12465815928783,
        "p95": 165.34079345937286,
        "p99": 165.34079345937286
      },
      "normalized": {
        "throughput_ops_per_sec": 0.006086652305164199,
        "latency_ms_per_op": 164293.92543936727
      }
    }
  },
  "summary": {
    "total_benchmarks": 5,
    "total_score": 185435.2983407294,
    "average_throughput": 61702.90042584384,
    "performance_grade": "B"
  }
}