{
  "timestamp": "2025-08-27T07:14:32.758509793Z",
  "benchmarks": {
    "SimpleCoreValidation_measureThroughput": {
      "score": 49155.99026451746,
      "unit": "ops/s",
      "mode": "Throughput",
      "statistics": {
        "mean": 49155.99026451746,
        "stddev": 63.54382665668423,
        "min": 49097.804045414385,
        "max": 49263.03079298013,
        "n": 5,
        "p50": 49141.277988402806,
        "p95": 49263.03079298013,
        "p99": 49263.03079298013
      },
      "normalized": {
        "throughput_ops_per_sec": 49155.99026451746,
        "latency_ms_per_op": 0.020343400562552304
      }
    },
    "SimpleErrorLoad_validateMixedTokens0": {
      "score": 49483.888524291615,
      "unit": "ops/s",
      "mode": "Throughput",
      "statistics": {
        "mean": 49483.888524291615,
        "stddev": 89.67443610153737,
        "min": 49327.90226047562,
        "max": 49546.58787137921,
        "n": 5,
        "p50": 49516.96046311719,
        "p95": 49546.58787137921,
        "p99": 49546.58787137921
      },
      "normalized": {
        "throughput_ops_per_sec": 49483.888524291615,
        "latency_ms_per_op": 0.020208597784491016
      }
    },
    "SimpleErrorLoad_validateMixedTokens50": {
      "score": 87119.63613022516,
      "unit": "ops/s",
      "mode": "Throughput",
      "statistics": {
        "mean": 87119.63613022516,
        "stddev": 216.6605927728853,
        "min": 86868.64347512681,
        "max": 87389.5510868984,
        "n": 5,
        "p50": 87118.06272115666,
        "p95": 87389.5510868984,
        "p99": 87389.5510868984
      },
      "normalized": {
        "throughput_ops_per_sec": 87119.63613022516,
        "latency_ms_per_op": 0.011478468510878703
      }
    },
    "SimpleCoreValidation_measureAverageTime": {
      "score": 164.35393728364846,
      "unit": "us/op",
      "mode": "AverageTime",
      "statistics": {
        "mean": 164.35393728364846,
        "stddev": 1.0682139888829871,
        "min": 163.36564971921248,
        "max": 166.08025829988367,
        "n": 5,
        "p50": 163.8636569238615,
        "p95": 166.08025829988367,
        "p99": 166.08025829988367
      },
      "normalized": {
        "throughput_ops_per_sec": 0.006084429837991413,
        "latency_ms_per_op": 164353.93728364847
      }
    },
    "SimpleCoreValidation_measureConcurrentValidation": {
      "score": 164.11544990095325,
      "unit": "us/op",
      "mode": "AverageTime",
      "statistics": {
        "mean": 164.11544990095325,
        "stddev": 1.024598125125559,
        "min": 163.27263258667716,
        "max": 165.56188541448415,
        "n": 5,
        "p50": 163.63163795378398,
        "p95": 165.56188541448415,
        "p99": 165.56188541448415
      },
      "normalized": {
        "throughput_ops_per_sec": 0.006093271539050825,
        "latency_ms_per_op": 164115.44990095324
      }
    }
  },
  "summary": {
    "total_benchmarks": 5,
    "total_score": 186087.98430621883,
    "average_throughput": 61919.83830634475,
    "performance_grade": "B"
  }
}