{
  "timestamp": "2025-09-01T16:54:17.397979353Z",
  "benchmarks": {
    "SimpleCoreValidation_measureThroughput": {
      "score": 49648.73031721576,
      "unit": "ops/s",
      "mode": "Throughput",
      "statistics": {
        "mean": 49648.73031721576,
        "stddev": 90.7602201633361,
        "min": 49560.12179520327,
        "max": 49762.95233449216,
        "n": 5,
        "p50": 49613.4511621351,
        "p95": 49762.95233449216,
        "p99": 49762.95233449216
      },
      "normalized": {
        "throughput_ops_per_sec": 49648.73031721576,
        "latency_ms_per_op": 0.020141501980227853
      }
    },
    "SimpleErrorLoad_validateMixedTokens0": {
      "score": 49024.204360632015,
      "unit": "ops/s",
      "mode": "Throughput",
      "statistics": {
        "mean": 49024.204360632015,
        "stddev": 58.425413396793516,
        "min": 48976.511518684245,
        "max": 49124.11125644917,
        "n": 5,
        "p50": 49004.29635810862,
        "p95": 49124.11125644917,
        "p99": 49124.11125644917
      },
      "normalized": {
        "throughput_ops_per_sec": 49024.204360632015,
        "latency_ms_per_op": 0.020398087292631956
      }
    },
    "SimpleErrorLoad_validateMixedTokens50": {
      "score": 87606.88545051377,
      "unit": "ops/s",
      "mode": "Throughput",
      "statistics": {
        "mean": 87606.88545051377,
        "stddev": 626.8261757700625,
        "min": 86529.13663029214,
        "max": 88087.5184177584,
        "n": 5,
        "p50": 87773.26888705848,
        "p95": 88087.5184177584,
        "p99": 88087.5184177584
      },
      "normalized": {
        "throughput_ops_per_sec": 87606.88545051377,
        "latency_ms_per_op": 0.011414627912607016
      }
    },
    "SimpleCoreValidation_measureAverageTime": {
      "score": 165.44640956994388,
      "unit": "us/op",
      "mode": "AverageTime",
      "statistics": {
        "mean": 165.44640956994388,
        "stddev": 0.47959125719892753,
        "min": 165.0897233826215,
        "max": 166.28285582639302,
        "n": 5,
        "p50": 165.33519188921298,
        "p95": 166.28285582639302,
        "p99": 166.28285582639302
      },
      "normalized": {
        "throughput_ops_per_sec": 0.006044253257591797,
        "latency_ms_per_op": 165446.40956994388
      }
    },
    "SimpleCoreValidation_measureConcurrentValidation": {
      "score": 162.46212229606226,
      "unit": "us/op",
      "mode": "AverageTime",
      "statistics": {
        "mean": 162.46212229606226,
        "stddev": 0.7000980536952891,
        "min": 161.92306044653165,
        "max": 163.64383017274272,
        "n": 5,
        "p50": 162.20479056155622,
        "p95": 163.64383017274272,
        "p99": 163.64383017274272
      },
      "normalized": {
        "throughput_ops_per_sec": 0.006155280910202894,
        "latency_ms_per_op": 162462.12229606227
      }
    }
  },
  "summary": {
    "total_benchmarks": 5,
    "total_score": 186607.72866022756,
    "average_throughput": 62093.273376120516,
    "performance_grade": "B"
  }
}