{
  "timestamp": "2025-08-27T06:20:13.350596706Z",
  "benchmarks": {
    "SimpleCoreValidation_measureThroughput": {
      "score": 48904.82589555239,
      "unit": "ops/s",
      "mode": "Throughput",
      "statistics": {
        "mean": 48904.82589555239,
        "stddev": 105.81510249876479,
        "min": 48786.15620334113,
        "max": 49058.65619669439,
        "n": 5,
        "p50": 48873.56128151179,
        "p95": 49058.65619669439,
        "p99": 49058.65619669439
      },
      "normalized": {
        "throughput_ops_per_sec": 48904.82589555239,
        "latency_ms_per_op": 0.020447879768261155
      }
    },
    "SimpleErrorLoad_validateMixedTokens0": {
      "score": 48159.25350467669,
      "unit": "ops/s",
      "mode": "Throughput",
      "statistics": {
        "mean": 48159.25350467669,
        "stddev": 316.70107468459884,
        "min": 47812.39072439639,
        "max": 48597.80610160969,
        "n": 5,
        "p50": 48061.93127685631,
        "p95": 48597.80610160969,
        "p99": 48597.80610160969
      },
      "normalized": {
        "throughput_ops_per_sec": 48159.25350467669,
        "latency_ms_per_op": 0.02076444145677821
      }
    },
    "SimpleErrorLoad_validateMixedTokens50": {
      "score": 86651.14416873993,
      "unit": "ops/s",
      "mode": "Throughput",
      "statistics": {
        "mean": 86651.14416873993,
        "stddev": 214.23679914381577,
        "min": 86295.86053371092,
        "max": 86852.16481362499,
        "n": 5,
        "p50": 86715.59944552978,
        "p95": 86852.16481362499,
        "p99": 86852.16481362499
      },
      "normalized": {
        "throughput_ops_per_sec": 86651.14416873993,
        "latency_ms_per_op": 0.011540528513422188
      }
    },
    "SimpleCoreValidation_measureAverageTime": {
      "score": 163.7810862893701,
      "unit": "us/op",
      "mode": "AverageTime",
      "statistics": {
        "mean": 163.7810862893701,
        "stddev": 0.8223879943442816,
        "min": 162.7586851624842,
        "max": 164.9274009893227,
        "n": 5,
        "p50": 163.50367005531112,
        "p95": 164.9274009893227,
        "p99": 164.9274009893227
      },
      "normalized": {
        "throughput_ops_per_sec": 0.006105711121204739,
        "latency_ms_per_op": 163781.0862893701
      }
    },
    "SimpleCoreValidation_measureConcurrentValidation": {
      "score": 162.76333736117127,
      "unit": "us/op",
      "mode": "AverageTime",
      "statistics": {
        "mean": 162.76333736117127,
        "stddev": 1.3003297502819209,
        "min": 161.40861713311944,
        "max": 164.86597213387998,
        "n": 5,
        "p50": 162.47531741955723,
        "p95": 164.86597213387998,
        "p99": 164.86597213387998
      },
      "normalized": {
        "throughput_ops_per_sec": 0.006143889749452627,
        "latency_ms_per_op": 162763.33736117126
      }
    }
  },
  "summary": {
    "total_benchmarks": 5,
    "total_score": 184041.76799261957,
    "average_throughput": 61238.40785632301,
    "performance_grade": "B"
  }
}