{
  "score": 48904.82589555239,
  "unit": "ops/s",
  "mode": "Throughput",
  "statistics": {
    "mean": 48904.82589555239,
    "stddev": 105.81510249876479,
    "min": 48786.15620334113,
    "max": 49058.65619669439,
    "n": 5,
    "p50": 48873.56128151179,
    "p95": 49058.65619669439,
    "p99": 49058.65619669439
  },
  "normalized": {
    "throughput_ops_per_sec": 48904.82589555239,
    "latency_ms_per_op": 0.020447879768261155
  }
}