{
  "score": 49155.99026451746,
  "unit": "ops/s",
  "mode": "Throughput",
  "statistics": {
    "mean": 49155.99026451746,
    "stddev": 63.54382665668423,
    "min": 49097.804045414385,
    "max": 49263.03079298013,
    "n": 5,
    "p50": 49141.277988402806,
    "p95": 49263.03079298013,
    "p99": 49263.03079298013
  },
  "normalized": {
    "throughput_ops_per_sec": 49155.99026451746,
    "latency_ms_per_op": 0.020343400562552304
  }
}