{
  "score": 87606.88545051377,
  "unit": "ops/s",
  "mode": "Throughput",
  "statistics": {
    "mean": 87606.88545051377,
    "stddev": 626.8261757700625,
    "min": 86529.13663029214,
    "max": 88087.5184177584,
    "n": 5,
    "p50": 87773.26888705848,
    "p95": 88087.5184177584,
    "p99": 88087.5184177584
  },
  "normalized": {
    "throughput_ops_per_sec": 87606.88545051377,
    "latency_ms_per_op": 0.011414627912607016
  }
}