{
  "score": 162.46212229606226,
  "unit": "us/op",
  "mode": "AverageTime",
  "statistics": {
    "mean": 162.46212229606226,
    "stddev": 0.7000980536952891,
    "min": 161.92306044653165,
    "max": 163.64383017274272,
    "n": 5,
    "p50": 162.20479056155622,
    "p95": 163.64383017274272,
    "p99": 163.64383017274272
  },
  "normalized": {
    "throughput_ops_per_sec": 0.006155280910202894,
    "latency_ms_per_op": 162462.12229606227
  }
}