{
  "score": 48681.25933207099,
  "unit": "ops/s",
  "mode": "Throughput",
  "statistics": {
    "mean": 48681.25933207099,
    "stddev": 126.1031290315041,
    "min": 48527.796139816615,
    "max": 48818.58517545451,
    "n": 5,
    "p50": 48633.67575154167,
    "p95": 48818.58517545451,
    "p99": 48818.58517545451
  },
  "normalized": {
    "throughput_ops_per_sec": 48681.25933207099,
    "latency_ms_per_op": 0.02054178576562017
  }
}