{
  "score": 162.76333736117127,
  "unit": "us/op",
  "mode": "AverageTime",
  "statistics": {
    "mean": 162.76333736117127,
    "stddev": 1.3003297502819209,
    "min": 161.40861713311944,
    "max": 164.86597213387998,
    "n": 5,
    "p50": 162.47531741955723,
    "p95": 164.86597213387998,
    "p99": 164.86597213387998
  },
  "normalized": {
    "throughput_ops_per_sec": 0.006143889749452627,
    "latency_ms_per_op": 162763.33736117126
  }
}