{
  "score": 87119.63613022516,
  "unit": "ops/s",
  "mode": "Throughput",
  "statistics": {
    "mean": 87119.63613022516,
    "stddev": 216.6605927728853,
    "min": 86868.64347512681,
    "max": 87389.5510868984,
    "n": 5,
    "p50": 87118.06272115666,
    "p95": 87389.5510868984,
    "p99": 87389.5510868984
  },
  "normalized": {
    "throughput_ops_per_sec": 87119.63613022516,
    "latency_ms_per_op": 0.011478468510878703
  }
}