{
  "score": 164.29392543936729,
  "unit": "us/op",
  "mode": "AverageTime",
  "statistics": {
    "mean": 164.29392543936729,
    "stddev": 0.6380347037558232,
    "min": 163.61043889449414,
    "max": 165.34079345937286,
    "n": 5,
    "p50": 164.12465815928783,
    "p95": 165.34079345937286,
    "p99": 165.34079345937286
  },
  "normalized": {
    "throughput_ops_per_sec": 0.006086652305164199,
    "latency_ms_per_op": 164293.92543936727
  }
}