{
  "score": 49024.204360632015,
  "unit": "ops/s",
  "mode": "Throughput",
  "statistics": {
    "mean": 49024.204360632015,
    "stddev": 58.425413396793516,
    "min": 48976.511518684245,
    "max": 49124.11125644917,
    "n": 5,
    "p50": 49004.29635810862,
    "p95": 49124.11125644917,
    "p99": 49124.11125644917
  },
  "normalized": {
    "throughput_ops_per_sec": 49024.204360632015,
    "latency_ms_per_op": 0.020398087292631956
  }
}