{
  "score": 49353.25572337555,
  "unit": "ops/s",
  "mode": "Throughput",
  "statistics": {
    "mean": 49353.25572337555,
    "stddev": 107.31166522760135,
    "min": 49274.21575172267,
    "max": 49522.565186461645,
    "n": 5,
    "p50": 49297.830139680605,
    "p95": 49522.565186461645,
    "p99": 49522.565186461645
  },
  "normalized": {
    "throughput_ops_per_sec": 49353.25572337555,
    "latency_ms_per_op": 0.020262087786163265
  }
}