{
  "score": 87074.186222085,
  "unit": "ops/s",
  "mode": "Throughput",
  "statistics": {
    "mean": 87074.186222085,
    "stddev": 657.6659112410662,
    "min": 85909.6609362509,
    "max": 87462.57883179722,
    "n": 5,
    "p50": 87318.26562147886,
    "p95": 87462.57883179722,
    "p99": 87462.57883179722
  },
  "normalized": {
    "throughput_ops_per_sec": 87074.186222085,
    "latency_ms_per_op": 0.011484459900084208
  }
}