{
  "score": 165.44640956994388,
  "unit": "us/op",
  "mode": "AverageTime",
  "statistics": {
    "mean": 165.44640956994388,
    "stddev": 0.47959125719892753,
    "min": 165.0897233826215,
    "max": 166.28285582639302,
    "n": 5,
    "p50": 165.33519188921298,
    "p95": 166.28285582639302,
    "p99": 166.28285582639302
  },
  "normalized": {
    "throughput_ops_per_sec": 0.006044253257591797,
    "latency_ms_per_op": 165446.40956994388
  }
}