{
  "score": 49493.44965949657,
  "unit": "ops/s",
  "mode": "Throughput",
  "statistics": {
    "mean": 49493.44965949657,
    "stddev": 100.64749533228299,
    "min": 49360.62131581775,
    "max": 49605.4419739319,
    "n": 5,
    "p50": 49474.529968537434,
    "p95": 49605.4419739319,
    "p99": 49605.4419739319
  },
  "normalized": {
    "throughput_ops_per_sec": 49493.44965949657,
    "latency_ms_per_op": 0.02020469389140922
  }
}