{
  "score": 164.35393728364846,
  "unit": "us/op",
  "mode": "AverageTime",
  "statistics": {
    "mean": 164.35393728364846,
    "stddev": 1.0682139888829871,
    "min": 163.36564971921248,
    "max": 166.08025829988367,
    "n": 5,
    "p50": 163.8636569238615,
    "p95": 166.08025829988367,
    "p99": 166.08025829988367
  },
  "normalized": {
    "throughput_ops_per_sec": 0.006084429837991413,
    "latency_ms_per_op": 164353.93728364847
  }
}