{
  "score": 48159.25350467669,
  "unit": "ops/s",
  "mode": "Throughput",
  "statistics": {
    "mean": 48159.25350467669,
    "stddev": 316.70107468459884,
    "min": 47812.39072439639,
    "max": 48597.80610160969,
    "n": 5,
    "p50": 48061.93127685631,
    "p95": 48597.80610160969,
    "p99": 48597.80610160969
  },
  "normalized": {
    "throughput_ops_per_sec": 48159.25350467669,
    "latency_ms_per_op": 0.02076444145677821
  }
}