{
  "score": 164.11544990095325,
  "unit": "us/op",
  "mode": "AverageTime",
  "statistics": {
    "mean": 164.11544990095325,
    "stddev": 1.024598125125559,
    "min": 163.27263258667716,
    "max": 165.56188541448415,
    "n": 5,
    "p50": 163.63163795378398,
    "p95": 165.56188541448415,
    "p99": 165.56188541448415
  },
  "normalized": {
    "throughput_ops_per_sec": 0.006093271539050825,
    "latency_ms_per_op": 164115.44990095324
  }
}