{
  "score": 161.19830299226754,
  "unit": "us/op",
  "mode": "AverageTime",
  "statistics": {
    "mean": 161.19830299226754,
    "stddev": 0.7627694136901485,
    "min": 160.321465770334,
    "max": 162.37891849770284,
    "n": 5,
    "p50": 161.17830131779536,
    "p95": 162.37891849770284,
    "p99": 162.37891849770284
  },
  "normalized": {
    "throughput_ops_per_sec": 0.006203539252196523,
    "latency_ms_per_op": 161198.30299226753
  }
}