{
  "score": 163.49853863676896,
  "unit": "us/op",
  "mode": "AverageTime",
  "statistics": {
    "mean": 163.49853863676896,
    "stddev": 0.41568184077910164,
    "min": 163.12351023163174,
    "max": 164.19762437619195,
    "n": 5,
    "p50": 163.43229044348118,
    "p95": 164.19762437619195,
    "p99": 164.19762437619195
  },
  "normalized": {
    "throughput_ops_per_sec": 0.0061162626182342614,
    "latency_ms_per_op": 163498.53863676896
  }
}