{
  "score": 49648.73031721576,
  "unit": "ops/s",
  "mode": "Throughput",
  "statistics": {
    "mean": 49648.73031721576,
    "stddev": 90.7602201633361,
    "min": 49560.12179520327,
    "max": 49762.95233449216,
    "n": 5,
    "p50": 49613.4511621351,
    "p95": 49762.95233449216,
    "p99": 49762.95233449216
  },
  "normalized": {
    "throughput_ops_per_sec": 49648.73031721576,
    "latency_ms_per_op": 0.020141501980227853
  }
}