{
  "score": 49483.888524291615,
  "unit": "ops/s",
  "mode": "Throughput",
  "statistics": {
    "mean": 49483.888524291615,
    "stddev": 89.67443610153737,
    "min": 49327.90226047562,
    "max": 49546.58787137921,
    "n": 5,
    "p50": 49516.96046311719,
    "p95": 49546.58787137921,
    "p99": 49546.58787137921
  },
  "normalized": {
    "throughput_ops_per_sec": 49483.888524291615,
    "latency_ms_per_op": 0.020208597784491016
  }
}