{
  "score": 47947.34393692672,
  "unit": "ops/s",
  "mode": "Throughput",
  "statistics": {
    "mean": 47947.34393692672,
    "stddev": 354.13525557512844,
    "min": 47316.13217111892,
    "max": 48137.93506501784,
    "n": 5,
    "p50": 48109.07211494861,
    "p95": 48137.93506501784,
    "p99": 48137.93506501784
  },
  "normalized": {
    "throughput_ops_per_sec": 47947.34393692672,
    "latency_ms_per_op": 0.020856212625989662
  }
}