{
  "score": 87350.0273786677,
  "unit": "ops/s",
  "mode": "Throughput",
  "statistics": {
    "mean": 87350.0273786677,
    "stddev": 101.08442722730322,
    "min": 87231.66342566744,
    "max": 87446.77790158657,
    "n": 5,
    "p50": 87372.8417268805,
    "p95": 87446.77790158657,
    "p99": 87446.77790158657
  },
  "normalized": {
    "throughput_ops_per_sec": 87350.0273786677,
    "latency_ms_per_op": 0.011448193320706575
  }
}