{
  "score": 163.7810862893701,
  "unit": "us/op",
  "mode": "AverageTime",
  "statistics": {
    "mean": 163.7810862893701,
    "stddev": 0.8223879943442816,
    "min": 162.7586851624842,
    "max": 164.9274009893227,
    "n": 5,
    "p50": 163.50367005531112,
    "p95": 164.9274009893227,
    "p99": 164.9274009893227
  },
  "normalized": {
    "throughput_ops_per_sec": 0.006105711121204739,
    "latency_ms_per_op": 163781.0862893701
  }
}