{
  "score": 86651.14416873993,
  "unit": "ops/s",
  "mode": "Throughput",
  "statistics": {
    "mean": 86651.14416873993,
    "stddev": 214.23679914381577,
    "min": 86295.86053371092,
    "max": 86852.16481362499,
    "n": 5,
    "p50": 86715.59944552978,
    "p95": 86852.16481362499,
    "p99": 86852.16481362499
  },
  "normalized": {
    "throughput_ops_per_sec": 86651.14416873993,
    "latency_ms_per_op": 0.011540528513422188
  }
}