{
  "score": 162.30313775849933,
  "unit": "us/op",
  "mode": "AverageTime",
  "statistics": {
    "mean": 162.30313775849933,
    "stddev": 0.35965830776076146,
    "min": 161.87241804766109,
    "max": 162.76575162883452,
    "n": 5,
    "p50": 162.19040539300602,
    "p95": 162.76575162883452,
    "p99": 162.76575162883452
  },
  "normalized": {
    "throughput_ops_per_sec": 0.006161310334541779,
    "latency_ms_per_op": 162303.13775849933
  }
}