{
  "benchmarks": [
    {
      "name": "healthCheckThroughput",
      "fullName": "de.cuioss.jwt.quarkus.benchmark.benchmarks.JwtHealthBenchmark.healthCheckThroughput",
      "mode": "thrpt",
      "score": "5.6K ops/s",
      "scoreUnit": "ops/ms",
      "throughput": "5.6K ops/s",
      "error": 0.6003169677290184,
      "errorPercentage": 10.747952972183276,
      "confidenceLow": 4.985090498071175,
      "confidenceHigh": 6.185724433529211,
      "percentiles": {
        "0.0": 4.754089986967652,
        "50.0": 5.75400482312975,
        "90.0": 5.828725407784517,
        "95.0": 5.831927439667254,
        "99.0": 5.831927439667254,
        "99.9": 5.831927439667254,
        "99.99": 5.831927439667254,
        "99.999": 5.831927439667254,
        "99.9999": 5.831927439667254,
        "100.0": 5.831927439667254
      }
    },
    {
      "name": "validateJwtThroughput",
      "fullName": "de.cuioss.jwt.quarkus.benchmark.benchmarks.JwtValidationBenchmark.validateJwtThroughput",
      "mode": "thrpt",
      "score": "3.9K ops/s",
      "scoreUnit": "ops/ms",
      "throughput": "3.9K ops/s",
      "error": 0.5489449924124106,
      "errorPercentage": 13.906837030243949,
      "confidenceLow": 3.398357986824279,
      "confidenceHigh": 4.4962479716491,
      "percentiles": {
        "0.0": 3.200600457614288,
        "50.0": 4.1000345208817315,
        "90.0": 4.173632383935382,
        "95.0": 4.176234363152782,
        "99.0": 4.176234363152782,
        "99.9": 4.176234363152782,
        "99.99": 4.176234363152782,
        "99.999": 4.176234363152782,
        "99.9999": 4.176234363152782,
        "100.0": 4.176234363152782
      }
    },
    {
      "name": "healthCheckThroughput",
      "fullName": "de.cuioss.jwt.quarkus.benchmark.benchmarks.JwtHealthBenchmark.healthCheckThroughput",
      "mode": "avgt",
      "score": "4.3ms",
      "scoreUnit": "ms/op",
      "latency": "4.3ms",
      "error": 0.5524539208626622,
      "errorPercentage": 12.880119264576331,
      "confidenceLow": 3.736744878577446,
      "confidenceHigh": 4.841652720302771,
      "percentiles": {
        "0.0": 4.087456937075566,
        "50.0": 4.121901126632659,
        "90.0": 5.010631977444474,
        "95.0": 5.018126852585597,
        "99.0": 5.018126852585597,
        "99.9": 5.018126852585597,
        "99.99": 5.018126852585597,
        "99.999": 5.018126852585597,
        "99.9999": 5.018126852585597,
        "100.0": 5.018126852585597
      }
    },
    {
      "name": "healthCheckThroughput",
      "fullName": "de.cuioss.jwt.quarkus.benchmark.benchmarks.JwtHealthBenchmark.healthCheckThroughput",
      "mode": "sample",
      "score": "4.3ms",
      "scoreUnit": "ms/op",
      "latency": "4.3ms",
      "error": 0.00450018882340975,
      "errorPercentage": 0.10510514248387992,
      "confidenceLow": 4.277106511914329,
      "confidenceHigh": 4.286106889561148,
      "percentiles": {
        "0.0": 0.779264,
        "50.0": 3.8625279999999997,
        "90.0": 5.332992,
        "95.0": 6.2996479999999995,
        "99.0": 8.142847999999999,
        "99.9": 13.008896,
        "99.99": 17.236072857601165,
        "99.999": 20.95850717184448,
        "99.9999": 35.127296,
        "100.0": 35.127296
      }
    },
    {
      "name": "validateJwtThroughput",
      "fullName": "de.cuioss.jwt.quarkus.benchmark.benchmarks.JwtValidationBenchmark.validateJwtThroughput",
      "mode": "sample",
      "score": "6.1ms",
      "scoreUnit": "ms/op",
      "latency": "6.1ms",
      "error": 0.009859484093724526,
      "errorPercentage": 0.16167464726049185,
      "confidenceLow": 6.088489428855393,
      "confidenceHigh": 6.1082083970428425,
      "percentiles": {
        "0.0": 1.2103679999999999,
        "50.0": 5.382143999999999,
        "90.0": 8.380416,
        "95.0": 9.601023999999999,
        "99.0": 12.894207999999999,
        "99.9": 18.120704,
        "99.99": 22.829236223999022,
        "99.999": 27.646132223991394,
        "99.9999": 28.671999999999997,
        "100.0": 28.671999999999997
      }
    },
    {
      "name": "healthCheckThroughput",
      "fullName": "de.cuioss.jwt.quarkus.benchmark.benchmarks.JwtHealthBenchmark.healthCheckThroughput",
      "mode": "ss",
      "score": "14ms",
      "scoreUnit": "ms/op",
      "latency": "14ms",
      "error": 5.576471794766277,
      "errorPercentage": 41.02158131383096,
      "confidenceLow": 8.017523405233723,
      "confidenceHigh": 19.17046699476628,
      "percentiles": {
        "0.0": 7.117026708333332,
        "50.0": 13.232059708333335,
        "90.0": 19.541474145833337,
        "95.0": 19.83854008333334,
        "99.0": 19.83854008333334,
        "99.9": 19.83854008333334,
        "99.99": 19.83854008333334,
        "99.999": 19.83854008333334,
        "99.9999": 19.83854008333334,
        "100.0": 19.83854008333334
      }
    }
  ],
  "generated": "2025-09-22T09:18:48.700742585Z"
}