{
  "benchmarks": [
    {
      "name": "healthCheckThroughput",
      "fullName": "de.cuioss.jwt.quarkus.benchmark.benchmarks.JwtHealthBenchmark.healthCheckThroughput",
      "mode": "thrpt",
      "score": "5.7K ops/s",
      "scoreUnit": "ops/ms",
      "throughput": "5.7K ops/s",
      "error": 0.6677361690490441,
      "errorPercentage": 11.731259849806715,
      "confidenceLow": 5.024202954267245,
      "confidenceHigh": 6.359675292365332,
      "percentiles": {
        "0.0": 4.77313751746992,
        "50.0": 5.888504260656825,
        "90.0": 5.9369435702506825,
        "95.0": 5.938749320727965,
        "99.0": 5.938749320727965,
        "99.9": 5.938749320727965,
        "99.99": 5.938749320727965,
        "99.999": 5.938749320727965,
        "99.9999": 5.938749320727965,
        "100.0": 5.938749320727965
      }
    },
    {
      "name": "validateJwtThroughput",
      "fullName": "de.cuioss.jwt.quarkus.benchmark.benchmarks.JwtValidationBenchmark.validateJwtThroughput",
      "mode": "thrpt",
      "score": "4.0K ops/s",
      "scoreUnit": "ops/ms",
      "throughput": "4.0K ops/s",
      "error": 0.5549235680313594,
      "errorPercentage": 14.001623934602621,
      "confidenceLow": 3.408356481648883,
      "confidenceHigh": 4.518203617711602,
      "percentiles": {
        "0.0": 3.2605327793592718,
        "50.0": 4.120985150237221,
        "90.0": 4.177772458092992,
        "95.0": 4.1786710837354875,
        "99.0": 4.1786710837354875,
        "99.9": 4.1786710837354875,
        "99.99": 4.1786710837354875,
        "99.999": 4.1786710837354875,
        "99.9999": 4.1786710837354875,
        "100.0": 4.1786710837354875
      }
    },
    {
      "name": "healthCheckThroughput",
      "fullName": "de.cuioss.jwt.quarkus.benchmark.benchmarks.JwtHealthBenchmark.healthCheckThroughput",
      "mode": "avgt",
      "score": "4.3ms",
      "scoreUnit": "ms/op",
      "latency": "4.3ms",
      "error": 0.5954589004572202,
      "errorPercentage": 13.950786985791245,
      "confidenceLow": 3.6728228894066057,
      "confidenceHigh": 4.8637406903210465,
      "percentiles": {
        "0.0": 4.044792429506152,
        "50.0": 4.0893360915065164,
        "90.0": 5.059903968656252,
        "95.0": 5.071705940516282,
        "99.0": 5.071705940516282,
        "99.9": 5.071705940516282,
        "99.99": 5.071705940516282,
        "99.999": 5.071705940516282,
        "99.9999": 5.071705940516282,
        "100.0": 5.071705940516282
      }
    },
    {
      "name": "healthCheckThroughput",
      "fullName": "de.cuioss.jwt.quarkus.benchmark.benchmarks.JwtHealthBenchmark.healthCheckThroughput",
      "mode": "sample",
      "score": "4.2ms",
      "scoreUnit": "ms/op",
      "latency": "4.2ms",
      "error": 0.004412304154867027,
      "errorPercentage": 0.1042257542301585,
      "confidenceLow": 4.228998322093491,
      "confidenceHigh": 4.237822930403225,
      "percentiles": {
        "0.0": 0.67072,
        "50.0": 3.82976,
        "90.0": 5.234687999999999,
        "95.0": 6.324224,
        "99.0": 8.11008,
        "99.9": 12.517375999999999,
        "99.99": 17.051336703998565,
        "99.999": 21.69589432308197,
        "99.9999": 25.3952,
        "100.0": 25.3952
      }
    },
    {
      "name": "validateJwtThroughput",
      "fullName": "de.cuioss.jwt.quarkus.benchmark.benchmarks.JwtValidationBenchmark.validateJwtThroughput",
      "mode": "sample",
      "score": "6.0ms",
      "scoreUnit": "ms/op",
      "latency": "6.0ms",
      "error": 0.009711414524057289,
      "errorPercentage": 0.1611097645005462,
      "confidenceLow": 6.01811349985248,
      "confidenceHigh": 6.037536328900594,
      "percentiles": {
        "0.0": 1.206272,
        "50.0": 5.341184,
        "90.0": 8.241152,
        "95.0": 9.486336,
        "99.0": 12.763136,
        "99.9": 17.85856,
        "99.99": 23.386351206394195,
        "99.999": 30.977902510070802,
        "99.9999": 34.996224,
        "100.0": 34.996224
      }
    },
    {
      "name": "healthCheckThroughput",
      "fullName": "de.cuioss.jwt.quarkus.benchmark.benchmarks.JwtHealthBenchmark.healthCheckThroughput",
      "mode": "ss",
      "score": "12ms",
      "scoreUnit": "ms/op",
      "latency": "12ms",
      "error": 5.146129447388846,
      "errorPercentage": 42.15984907464062,
      "confidenceLow": 7.060103640111155,
      "confidenceHigh": 17.352362534888847,
      "percentiles": {
        "0.0": 8.712096,
        "50.0": 10.510746020833333,
        "90.0": 18.254761037500003,
        "95.0": 18.45309091666667,
        "99.0": 18.45309091666667,
        "99.9": 18.45309091666667,
        "99.99": 18.45309091666667,
        "99.999": 18.45309091666667,
        "99.9999": 18.45309091666667,
        "100.0": 18.45309091666667
      }
    }
  ],
  "generated": "2025-09-22T06:06:07.403468238Z"
}