{
  "benchmarks": [
    {
      "name": "healthCheckThroughput",
      "fullName": "de.cuioss.jwt.quarkus.benchmark.benchmarks.JwtHealthBenchmark.healthCheckThroughput",
      "mode": "thrpt",
      "score": "5.6K ops/s",
      "scoreUnit": "ops/ms",
      "throughput": "5.6K ops/s",
      "error": 0.6453829547392557,
      "errorPercentage": 11.457275856349822,
      "confidenceLow": 4.987569963834082,
      "confidenceHigh": 6.278335873312592,
      "percentiles": {
        "0.0": 4.657868465306039,
        "50.0": 5.81997660752017,
        "90.0": 5.871543178354917,
        "95.0": 5.871971138127725,
        "99.0": 5.871971138127725,
        "99.9": 5.871971138127725,
        "99.99": 5.871971138127725,
        "99.999": 5.871971138127725,
        "99.9999": 5.871971138127725,
        "100.0": 5.871971138127725
      }
    },
    {
      "name": "validateJwtThroughput",
      "fullName": "de.cuioss.jwt.quarkus.benchmark.benchmarks.JwtValidationBenchmark.validateJwtThroughput",
      "mode": "thrpt",
      "score": "3.9K ops/s",
      "scoreUnit": "ops/ms",
      "throughput": "3.9K ops/s",
      "error": 0.5426724409007381,
      "errorPercentage": 13.885461770097793,
      "confidenceLow": 3.365533493376348,
      "confidenceHigh": 4.450878375177824,
      "percentiles": {
        "0.0": 3.200173843122427,
        "50.0": 4.056457672279767,
        "90.0": 4.138261732646064,
        "95.0": 4.138413985969686,
        "99.0": 4.138413985969686,
        "99.9": 4.138413985969686,
        "99.99": 4.138413985969686,
        "99.999": 4.138413985969686,
        "99.9999": 4.138413985969686,
        "100.0": 4.138413985969686
      }
    },
    {
      "name": "healthCheckThroughput",
      "fullName": "de.cuioss.jwt.quarkus.benchmark.benchmarks.JwtHealthBenchmark.healthCheckThroughput",
      "mode": "avgt",
      "score": "4.3ms",
      "scoreUnit": "ms/op",
      "latency": "4.3ms",
      "error": 0.5944404167310567,
      "errorPercentage": 13.750252467509421,
      "confidenceLow": 3.728683235984881,
      "confidenceHigh": 4.917564069446994,
      "percentiles": {
        "0.0": 4.10947073659209,
        "50.0": 4.138865858742108,
        "90.0": 5.096111218515699,
        "95.0": 5.103245970578887,
        "99.0": 5.103245970578887,
        "99.9": 5.103245970578887,
        "99.99": 5.103245970578887,
        "99.999": 5.103245970578887,
        "99.9999": 5.103245970578887,
        "100.0": 5.103245970578887
      }
    },
    {
      "name": "healthCheckThroughput",
      "fullName": "de.cuioss.jwt.quarkus.benchmark.benchmarks.JwtHealthBenchmark.healthCheckThroughput",
      "mode": "sample",
      "score": "4.3ms",
      "scoreUnit": "ms/op",
      "latency": "4.3ms",
      "error": 0.004573738321031832,
      "errorPercentage": 0.10639801451748426,
      "confidenceLow": 4.294132719476858,
      "confidenceHigh": 4.303280196118921,
      "percentiles": {
        "0.0": 0.715776,
        "50.0": 3.8789119999999997,
        "90.0": 5.3493759999999995,
        "95.0": 6.422528,
        "99.0": 8.257536,
        "99.9": 12.6976,
        "99.99": 17.250975743995667,
        "99.999": 19.98342717440033,
        "99.9999": 21.757952,
        "100.0": 21.757952
      }
    },
    {
      "name": "validateJwtThroughput",
      "fullName": "de.cuioss.jwt.quarkus.benchmark.benchmarks.JwtValidationBenchmark.validateJwtThroughput",
      "mode": "sample",
      "score": "6.2ms",
      "scoreUnit": "ms/op",
      "latency": "6.2ms",
      "error": 0.010272372057862165,
      "errorPercentage": 0.16630002853035186,
      "confidenceLow": 6.166739230791819,
      "confidenceHigh": 6.187283974907544,
      "percentiles": {
        "0.0": 1.277952,
        "50.0": 5.4231039999999995,
        "90.0": 8.51968,
        "95.0": 9.846784,
        "99.0": 13.221888,
        "99.9": 19.03440691199875,
        "99.99": 23.408698982398988,
        "99.999": 28.57759014911842,
        "99.9999": 32.571391999999996,
        "100.0": 32.571391999999996
      }
    },
    {
      "name": "healthCheckThroughput",
      "fullName": "de.cuioss.jwt.quarkus.benchmark.benchmarks.JwtHealthBenchmark.healthCheckThroughput",
      "mode": "ss",
      "score": "11ms",
      "scoreUnit": "ms/op",
      "latency": "11ms",
      "error": 3.163686972352582,
      "errorPercentage": 29.54061936955567,
      "confidenceLow": 7.545929277647418,
      "confidenceHigh": 13.873303222352583,
      "percentiles": {
        "0.0": 7.959312625,
        "50.0": 10.641024875,
        "90.0": 14.401605808333333,
        "95.0": 14.58994395833333,
        "99.0": 14.58994395833333,
        "99.9": 14.58994395833333,
        "99.99": 14.58994395833333,
        "99.999": 14.58994395833333,
        "99.9999": 14.58994395833333,
        "100.0": 14.58994395833333
      }
    }
  ],
  "generated": "2025-09-20T14:13:11.159931337Z"
}