{
  "benchmarks": [
    {
      "name": "healthCheckThroughput",
      "fullName": "de.cuioss.jwt.quarkus.benchmark.benchmarks.JwtHealthBenchmark.healthCheckThroughput",
      "mode": "thrpt",
      "score": "5.6K ops/s",
      "scoreUnit": "ops/ms",
      "throughput": "5.6K ops/s",
      "error": 0.6687593172726022,
      "errorPercentage": 12.01257447377711,
      "confidenceLow": 4.898401317048313,
      "confidenceHigh": 6.235919951593518,
      "percentiles": {
        "0.0": 4.698153807416395,
        "50.0": 5.764761755122998,
        "90.0": 5.830505755731564,
        "95.0": 5.832444645344231,
        "99.0": 5.832444645344231,
        "99.9": 5.832444645344231,
        "99.99": 5.832444645344231,
        "99.999": 5.832444645344231,
        "99.9999": 5.832444645344231,
        "100.0": 5.832444645344231
      }
    },
    {
      "name": "validateJwtThroughput",
      "fullName": "de.cuioss.jwt.quarkus.benchmark.benchmarks.JwtValidationBenchmark.validateJwtThroughput",
      "mode": "thrpt",
      "score": "3.8K ops/s",
      "scoreUnit": "ops/ms",
      "throughput": "3.8K ops/s",
      "error": 0.6015623778784076,
      "errorPercentage": 15.811415973662454,
      "confidenceLow": 3.203045500887466,
      "confidenceHigh": 4.406170256644281,
      "percentiles": {
        "0.0": 3.0098462907405295,
        "50.0": 3.95950501679387,
        "90.0": 4.0849211317176355,
        "95.0": 4.088778448000853,
        "99.0": 4.088778448000853,
        "99.9": 4.088778448000853,
        "99.99": 4.088778448000853,
        "99.999": 4.088778448000853,
        "99.9999": 4.088778448000853,
        "100.0": 4.088778448000853
      }
    },
    {
      "name": "healthCheckThroughput",
      "fullName": "de.cuioss.jwt.quarkus.benchmark.benchmarks.JwtHealthBenchmark.healthCheckThroughput",
      "mode": "avgt",
      "score": "4.3ms",
      "scoreUnit": "ms/op",
      "latency": "4.3ms",
      "error": 0.6256656759873961,
      "errorPercentage": 14.401723214197212,
      "confidenceLow": 3.718714969869033,
      "confidenceHigh": 4.970046321843825,
      "percentiles": {
        "0.0": 4.120826089739517,
        "50.0": 4.153787266107571,
        "90.0": 5.18962504213766,
        "95.0": 5.205836321472965,
        "99.0": 5.205836321472965,
        "99.9": 5.205836321472965,
        "99.99": 5.205836321472965,
        "99.999": 5.205836321472965,
        "99.9999": 5.205836321472965,
        "100.0": 5.205836321472965
      }
    },
    {
      "name": "healthCheckThroughput",
      "fullName": "de.cuioss.jwt.quarkus.benchmark.benchmarks.JwtHealthBenchmark.healthCheckThroughput",
      "mode": "sample",
      "score": "4.3ms",
      "scoreUnit": "ms/op",
      "latency": "4.3ms",
      "error": 0.004837788451590635,
      "errorPercentage": 0.11233124944571198,
      "confidenceLow": 4.301878708927588,
      "confidenceHigh": 4.311554285830769,
      "percentiles": {
        "0.0": 0.8448,
        "50.0": 3.854336,
        "90.0": 5.4231039999999995,
        "95.0": 6.504448,
        "99.0": 8.437759999999999,
        "99.9": 13.456261120000839,
        "99.99": 18.57917747199249,
        "99.999": 22.340028006397247,
        "99.9999": 23.527424,
        "100.0": 23.527424
      }
    },
    {
      "name": "validateJwtThroughput",
      "fullName": "de.cuioss.jwt.quarkus.benchmark.benchmarks.JwtValidationBenchmark.validateJwtThroughput",
      "mode": "sample",
      "score": "6.2ms",
      "scoreUnit": "ms/op",
      "latency": "6.2ms",
      "error": 0.010633397992107014,
      "errorPercentage": 0.1710938498564758,
      "confidenceLow": 6.204317052317458,
      "confidenceHigh": 6.225583848301672,
      "percentiles": {
        "0.0": 1.204224,
        "50.0": 5.455871999999999,
        "90.0": 8.51968,
        "95.0": 9.879552,
        "99.0": 13.402111999999999,
        "99.9": 21.430272,
        "99.99": 29.458553241588593,
        "99.999": 34.94012649471283,
        "99.9999": 39.583743999999996,
        "100.0": 39.583743999999996
      }
    },
    {
      "name": "healthCheckThroughput",
      "fullName": "de.cuioss.jwt.quarkus.benchmark.benchmarks.JwtHealthBenchmark.healthCheckThroughput",
      "mode": "ss",
      "score": "14ms",
      "scoreUnit": "ms/op",
      "latency": "14ms",
      "error": 6.944722133934588,
      "errorPercentage": 50.06020974165616,
      "confidenceLow": 6.928016653565415,
      "confidenceHigh": 20.81746092143459,
      "percentiles": {
        "0.0": 8.453982833333336,
        "50.0": 12.311322937500002,
        "90.0": 22.967829887500006,
        "95.0": 23.518469750000005,
        "99.0": 23.518469750000005,
        "99.9": 23.518469750000005,
        "99.99": 23.518469750000005,
        "99.999": 23.518469750000005,
        "99.9999": 23.518469750000005,
        "100.0": 23.518469750000005
      }
    }
  ],
  "generated": "2025-09-22T08:19:50.903663190Z"
}