{
  "benchmarks": [
    {
      "name": "healthCheckThroughput",
      "fullName": "de.cuioss.jwt.quarkus.benchmark.benchmarks.JwtHealthBenchmark.healthCheckThroughput",
      "mode": "thrpt",
      "score": "5.7K ops/s",
      "scoreUnit": "ops/ms",
      "throughput": "5.7K ops/s",
      "error": 0.5966177398889859,
      "errorPercentage": 10.534663089908609,
      "confidenceLow": 5.066759767271158,
      "confidenceHigh": 6.25999524704913,
      "percentiles": {
        "0.0": 4.876906083517528,
        "50.0": 5.84698614755324,
        "90.0": 5.883714621522091,
        "95.0": 5.884513223704984,
        "99.0": 5.884513223704984,
        "99.9": 5.884513223704984,
        "99.99": 5.884513223704984,
        "99.999": 5.884513223704984,
        "99.9999": 5.884513223704984,
        "100.0": 5.884513223704984
      }
    },
    {
      "name": "validateJwtThroughput",
      "fullName": "de.cuioss.jwt.quarkus.benchmark.benchmarks.JwtValidationBenchmark.validateJwtThroughput",
      "mode": "thrpt",
      "score": "4.0K ops/s",
      "scoreUnit": "ops/ms",
      "throughput": "4.0K ops/s",
      "error": 0.5479225282932568,
      "errorPercentage": 13.869026024725054,
      "confidenceLow": 3.402769663908604,
      "confidenceHigh": 4.498614720495118,
      "percentiles": {
        "0.0": 3.2202377937974465,
        "50.0": 4.104297356203648,
        "90.0": 4.1820657003246815,
        "95.0": 4.1834729042354315,
        "99.0": 4.1834729042354315,
        "99.9": 4.1834729042354315,
        "99.99": 4.1834729042354315,
        "99.999": 4.1834729042354315,
        "99.9999": 4.1834729042354315,
        "100.0": 4.1834729042354315
      }
    },
    {
      "name": "healthCheckThroughput",
      "fullName": "de.cuioss.jwt.quarkus.benchmark.benchmarks.JwtHealthBenchmark.healthCheckThroughput",
      "mode": "avgt",
      "score": "4.3ms",
      "scoreUnit": "ms/op",
      "latency": "4.3ms",
      "error": 0.569736705949335,
      "errorPercentage": 13.35827080853205,
      "confidenceLow": 3.695311623400591,
      "confidenceHigh": 4.834785035299261,
      "percentiles": {
        "0.0": 4.05697169314027,
        "50.0": 4.093503816019061,
        "90.0": 5.008313936238012,
        "95.0": 5.0157969044328174,
        "99.0": 5.0157969044328174,
        "99.9": 5.0157969044328174,
        "99.99": 5.0157969044328174,
        "99.999": 5.0157969044328174,
        "99.9999": 5.0157969044328174,
        "100.0": 5.0157969044328174
      }
    },
    {
      "name": "healthCheckThroughput",
      "fullName": "de.cuioss.jwt.quarkus.benchmark.benchmarks.JwtHealthBenchmark.healthCheckThroughput",
      "mode": "sample",
      "score": "4.3ms",
      "scoreUnit": "ms/op",
      "latency": "4.3ms",
      "error": 0.004418741526057432,
      "errorPercentage": 0.10345649326514467,
      "confidenceLow": 4.266692125080265,
      "confidenceHigh": 4.275529608132381,
      "percentiles": {
        "0.0": 0.835584,
        "50.0": 3.874816,
        "90.0": 5.28384,
        "95.0": 6.2996479999999995,
        "99.0": 8.11008,
        "99.9": 12.599295999999999,
        "99.99": 15.906706227199553,
        "99.999": 18.244359290878297,
        "99.9999": 23.166976,
        "100.0": 23.166976
      }
    },
    {
      "name": "validateJwtThroughput",
      "fullName": "de.cuioss.jwt.quarkus.benchmark.benchmarks.JwtValidationBenchmark.validateJwtThroughput",
      "mode": "sample",
      "score": "6.1ms",
      "scoreUnit": "ms/op",
      "latency": "6.1ms",
      "error": 0.010240115011180528,
      "errorPercentage": 0.1686630579126727,
      "confidenceLow": 6.0611042196103755,
      "confidenceHigh": 6.081584449632737,
      "percentiles": {
        "0.0": 1.384448,
        "50.0": 5.36576,
        "90.0": 8.306688,
        "95.0": 9.568256,
        "99.0": 13.189119999999999,
        "99.9": 20.381695999999998,
        "99.99": 28.182328115196224,
        "99.999": 33.63681402878571,
        "99.9999": 36.896768,
        "100.0": 36.896768
      }
    },
    {
      "name": "healthCheckThroughput",
      "fullName": "de.cuioss.jwt.quarkus.benchmark.benchmarks.JwtHealthBenchmark.healthCheckThroughput",
      "mode": "ss",
      "score": "11ms",
      "scoreUnit": "ms/op",
      "latency": "11ms",
      "error": 4.7805057219724505,
      "errorPercentage": 43.00222477490059,
      "confidenceLow": 6.336374269694217,
      "confidenceHigh": 15.897385713639117,
      "percentiles": {
        "0.0": 7.289559958333332,
        "50.0": 10.276306458333334,
        "90.0": 17.649954087500003,
        "95.0": 18.08836475,
        "99.0": 18.08836475,
        "99.9": 18.08836475,
        "99.99": 18.08836475,
        "99.999": 18.08836475,
        "99.9999": 18.08836475,
        "100.0": 18.08836475
      }
    }
  ],
  "generated": "2025-09-21T20:13:49.806549021Z"
}