{
  "timestamp": "2025-08-26T19:54:40.302883613Z",
  "benchmarks": {
    "SimpleCoreValidation_measureThroughput": {
      "score": 49215.509639843694,
      "unit": "ops/s",
      "mode": "Throughput",
      "statistics": {
        "mean": 49215.509639843694,
        "stddev": 97.01081487476415,
        "min": 49081.36646496967,
        "max": 49327.448786932015,
        "n": 5,
        "p50": 49204.6216134715,
        "p95": 49327.448786932015,
        "p99": 49327.448786932015
      },
      "normalized": {
        "throughput_ops_per_sec": 49215.509639843694,
        "latency_ms_per_op": 0.020318798023589376
      }
    },
    "SimpleErrorLoad_validateMixedTokens0": {
      "score": 49154.02868719973,
      "unit": "ops/s",
      "mode": "Throughput",
      "statistics": {
        "mean": 49154.02868719973,
        "stddev": 70.46316131169806,
        "min": 49089.67954128813,
        "max": 49261.62155786713,
        "n": 5,
        "p50": 49133.23023413366,
        "p95": 49261.62155786713,
        "p99": 49261.62155786713
      },
      "normalized": {
        "throughput_ops_per_sec": 49154.02868719973,
        "latency_ms_per_op": 0.020344212401463065
      }
    },
    "SimpleErrorLoad_validateMixedTokens50": {
      "score": 87850.3968529531,
      "unit": "ops/s",
      "mode": "Throughput",
      "statistics": {
        "mean": 87850.3968529531,
        "stddev": 79.5094041893661,
        "min": 87766.98826650878,
        "max": 87970.07399024238,
        "n": 5,
        "p50": 87842.80848992977,
        "p95": 87970.07399024238,
        "p99": 87970.07399024238
      },
      "normalized": {
        "throughput_ops_per_sec": 87850.3968529531,
        "latency_ms_per_op": 0.011382987850058698
      }
    },
    "SimpleCoreValidation_measureAverageTime": {
      "score": 163.8769535170319,
      "unit": "us/op",
      "mode": "AverageTime",
      "statistics": {
        "mean": 163.8769535170319,
        "stddev": 0.33559142651316115,
        "min": 163.4553287649281,
        "max": 164.200753831766,
        "n": 5,
        "p50": 164.00204883677384,
        "p95": 164.200753831766,
        "p99": 164.200753831766
      },
      "normalized": {
        "throughput_ops_per_sec": 0.006102139309638002,
        "latency_ms_per_op": 163876.95351703188
      }
    },
    "SimpleCoreValidation_measureConcurrentValidation": {
      "score": 163.77272913413157,
      "unit": "us/op",
      "mode": "AverageTime",
      "statistics": {
        "mean": 163.77272913413157,
        "stddev": 0.5973711647213692,
        "min": 163.3225179101659,
        "max": 164.759524722117,
        "n": 5,
        "p50": 163.4651606307451,
        "p95": 164.759524722117,
        "p99": 164.759524722117
      },
      "normalized": {
        "throughput_ops_per_sec": 0.006106022689412409,
        "latency_ms_per_op": 163772.72913413157
      }
    }
  },
  "summary": {
    "total_benchmarks": 5,
    "total_score": 186547.5848626477,
    "average_throughput": 62073.31172666551,
    "performance_grade": "B"
  }
}