{
  "timestamp": "2025-08-26T17:21:54.294135709Z",
  "benchmarks": {
    "SimpleCoreValidation_measureThroughput": {
      "score": 49271.92431036853,
      "unit": "ops/s",
      "mode": "Throughput",
      "statistics": {
        "mean": 49271.92431036853,
        "stddev": 232.27471686700926,
        "min": 48864.33888973309,
        "max": 49441.663654891214,
        "n": 5,
        "p50": 49360.48945038839,
        "p95": 49441.663654891214,
        "p99": 49441.663654891214
      },
      "normalized": {
        "throughput_ops_per_sec": 49271.92431036853,
        "latency_ms_per_op": 0.020295533693811207
      }
    },
    "SimpleErrorLoad_validateMixedTokens0": {
      "score": 48849.00908361414,
      "unit": "ops/s",
      "mode": "Throughput",
      "statistics": {
        "mean": 48849.00908361414,
        "stddev": 181.88586285554754,
        "min": 48526.59571089046,
        "max": 48965.78544412619,
        "n": 5,
        "p50": 48915.77710776373,
        "p95": 48965.78544412619,
        "p99": 48965.78544412619
      },
      "normalized": {
        "throughput_ops_per_sec": 48849.00908361414,
        "latency_ms_per_op": 0.020471244325310972
      }
    },
    "SimpleErrorLoad_validateMixedTokens50": {
      "score": 85384.9725376264,
      "unit": "ops/s",
      "mode": "Throughput",
      "statistics": {
        "mean": 85384.9725376264,
        "stddev": 844.4622950161892,
        "min": 84667.40520284747,
        "max": 86407.47711831708,
        "n": 5,
        "p50": 84955.39781726134,
        "p95": 86407.47711831708,
        "p99": 86407.47711831708
      },
      "normalized": {
        "throughput_ops_per_sec": 85384.9725376264,
        "latency_ms_per_op": 0.011711662723312727
      }
    },
    "SimpleCoreValidation_measureAverageTime": {
      "score": 164.62280681340545,
      "unit": "us/op",
      "mode": "AverageTime",
      "statistics": {
        "mean": 164.62280681340545,
        "stddev": 0.5058125882280792,
        "min": 164.24390944362145,
        "max": 165.49431819028436,
        "n": 5,
        "p50": 164.53377465455273,
        "p95": 165.49431819028436,
        "p99": 165.49431819028436
      },
      "normalized": {
        "throughput_ops_per_sec": 0.006074492467702044,
        "latency_ms_per_op": 164622.80681340545
      }
    },
    "SimpleCoreValidation_measureConcurrentValidation": {
      "score": 163.50847717510487,
      "unit": "us/op",
      "mode": "AverageTime",
      "statistics": {
        "mean": 163.50847717510487,
        "stddev": 0.8308717142904306,
        "min": 162.35475861041007,
        "max": 164.32837181354162,
        "n": 5,
        "p50": 163.5930940947406,
        "p95": 164.32837181354162,
        "p99": 164.32837181354162
      },
      "normalized": {
        "throughput_ops_per_sec": 0.006115890853347485,
        "latency_ms_per_op": 163508.47717510487
      }
    }
  },
  "summary": {
    "total_benchmarks": 5,
    "total_score": 183834.03721559758,
    "average_throughput": 61168.63531053636,
    "performance_grade": "B"
  }
}