{
  "timestamp": "2025-08-26T20:04:44.036805806Z",
  "benchmarks": {
    "SimpleCoreValidation_measureThroughput": {
      "score": 48992.15927351675,
      "unit": "ops/s",
      "mode": "Throughput",
      "statistics": {
        "mean": 48992.15927351675,
        "stddev": 58.163806777751965,
        "min": 48889.54258647981,
        "max": 49029.2212393429,
        "n": 5,
        "p50": 49017.12599054561,
        "p95": 49029.2212393429,
        "p99": 49029.2212393429
      },
      "normalized": {
        "throughput_ops_per_sec": 48992.15927351675,
        "latency_ms_per_op": 0.02041142939663329
      }
    },
    "SimpleErrorLoad_validateMixedTokens0": {
      "score": 48804.56143207681,
      "unit": "ops/s",
      "mode": "Throughput",
      "statistics": {
        "mean": 48804.56143207681,
        "stddev": 407.5058961401099,
        "min": 48100.86075117096,
        "max": 49094.84618364308,
        "n": 5,
        "p50": 49006.77097660798,
        "p95": 49094.84618364308,
        "p99": 49094.84618364308
      },
      "normalized": {
        "throughput_ops_per_sec": 48804.56143207681,
        "latency_ms_per_op": 0.020489888048512404
      }
    },
    "SimpleErrorLoad_validateMixedTokens50": {
      "score": 87693.53296473101,
      "unit": "ops/s",
      "mode": "Throughput",
      "statistics": {
        "mean": 87693.53296473101,
        "stddev": 193.83818551320726,
        "min": 87465.5910054403,
        "max": 87893.14663453169,
        "n": 5,
        "p50": 87763.39268606533,
        "p95": 87893.14663453169,
        "p99": 87893.14663453169
      },
      "normalized": {
        "throughput_ops_per_sec": 87693.53296473101,
        "latency_ms_per_op": 0.011403349439715065
      }
    },
    "SimpleCoreValidation_measureAverageTime": {
      "score": 164.50862642927123,
      "unit": "us/op",
      "mode": "AverageTime",
      "statistics": {
        "mean": 164.50862642927123,
        "stddev": 1.0314620172610156,
        "min": 163.29849472469692,
        "max": 165.7822797149558,
        "n": 5,
        "p50": 164.46774023841385,
        "p95": 165.7822797149558,
        "p99": 165.7822797149558
      },
      "normalized": {
        "throughput_ops_per_sec": 0.006078708586324132,
        "latency_ms_per_op": 164508.62642927124
      }
    },
    "SimpleCoreValidation_measureConcurrentValidation": {
      "score": 161.88986964636123,
      "unit": "us/op",
      "mode": "AverageTime",
      "statistics": {
        "mean": 161.88986964636123,
        "stddev": 0.3476113059622021,
        "min": 161.35169947401934,
        "max": 162.31953602681745,
        "n": 5,
        "p50": 161.91187631519895,
        "p95": 162.31953602681745,
        "p99": 162.31953602681745
      },
      "normalized": {
        "throughput_ops_per_sec": 0.006177038762119213,
        "latency_ms_per_op": 161889.86964636124
      }
    }
  },
  "summary": {
    "total_benchmarks": 5,
    "total_score": 185816.6521664002,
    "average_throughput": 61830.084556774855,
    "performance_grade": "B"
  }
}