{
  "timestamp": "2025-08-26T15:55:03.654722673Z",
  "benchmarks": {
    "SimpleCoreValidation_measureThroughput": {
      "score": 48947.70440219969,
      "unit": "ops/s",
      "mode": "Throughput",
      "statistics": {
        "mean": 48947.70440219969,
        "stddev": 88.16761816277344,
        "min": 48861.57722311081,
        "max": 49056.307232657164,
        "n": 5,
        "p50": 48914.576313903264,
        "p95": 49056.307232657164,
        "p99": 49056.307232657164
      },
      "normalized": {
        "throughput_ops_per_sec": 48947.70440219969,
        "latency_ms_per_op": 0.020429967292910686
      }
    },
    "SimpleErrorLoad_validateMixedTokens0": {
      "score": 48839.93937657161,
      "unit": "ops/s",
      "mode": "Throughput",
      "statistics": {
        "mean": 48839.93937657161,
        "stddev": 220.88493195734412,
        "min": 48449.182562503906,
        "max": 48979.94368564311,
        "n": 5,
        "p50": 48912.81886528728,
        "p95": 48979.94368564311,
        "p99": 48979.94368564311
      },
      "normalized": {
        "throughput_ops_per_sec": 48839.93937657161,
        "latency_ms_per_op": 0.020475045889997507
      }
    },
    "SimpleErrorLoad_validateMixedTokens50": {
      "score": 87350.88039821177,
      "unit": "ops/s",
      "mode": "Throughput",
      "statistics": {
        "mean": 87350.88039821177,
        "stddev": 282.9783117740704,
        "min": 87059.38749192811,
        "max": 87774.36049368087,
        "n": 5,
        "p50": 87307.2866928903,
        "p95": 87774.36049368087,
        "p99": 87774.36049368087
      },
      "normalized": {
        "throughput_ops_per_sec": 87350.88039821177,
        "latency_ms_per_op": 0.011448081524092707
      }
    },
    "SimpleCoreValidation_measureAverageTime": {
      "score": 162.33285196550034,
      "unit": "us/op",
      "mode": "AverageTime",
      "statistics": {
        "mean": 162.33285196550034,
        "stddev": 0.6862696031320829,
        "min": 161.5285365688563,
        "max": 163.39792039691443,
        "n": 5,
        "p50": 162.28913139942603,
        "p95": 163.39792039691443,
        "p99": 163.39792039691443
      },
      "normalized": {
        "throughput_ops_per_sec": 0.006160182537866853,
        "latency_ms_per_op": 162332.85196550033
      }
    },
    "SimpleCoreValidation_measureConcurrentValidation": {
      "score": 165.63238430415092,
      "unit": "us/op",
      "mode": "AverageTime",
      "statistics": {
        "mean": 165.63238430415092,
        "stddev": 1.566305202823066,
        "min": 164.26271007483385,
        "max": 168.11532346191458,
        "n": 5,
        "p50": 165.17440499416446,
        "p95": 168.11532346191458,
        "p99": 168.11532346191458
      },
      "normalized": {
        "throughput_ops_per_sec": 0.006037466671757251,
        "latency_ms_per_op": 165632.3843041509
      }
    }
  },
  "summary": {
    "total_benchmarks": 5,
    "total_score": 185466.48941325274,
    "average_throughput": 61712.84139232769,
    "performance_grade": "B"
  }
}