{
  "timestamp": "2025-08-26T11:48:49.249167066Z",
  "benchmarks": {
    "SimpleCoreValidation_measureThroughput": {
      "score": 49853.87218278869,
      "unit": "ops/s",
      "mode": "Throughput",
      "statistics": {
        "mean": 49853.87218278869,
        "stddev": 90.96398303785122,
        "min": 49705.05434747085,
        "max": 49928.28563136963,
        "n": 5,
        "p50": 49858.62073426859,
        "p95": 49928.28563136963,
        "p99": 49928.28563136963
      },
      "normalized": {
        "throughput_ops_per_sec": 49853.87218278869,
        "latency_ms_per_op": 0.020058622454310282
      }
    },
    "SimpleErrorLoad_validateMixedTokens0": {
      "score": 49886.69316518528,
      "unit": "ops/s",
      "mode": "Throughput",
      "statistics": {
        "mean": 49886.69316518528,
        "stddev": 600.1024575057685,
        "min": 48815.30451299984,
        "max": 50210.50770036454,
        "n": 5,
        "p50": 50136.30591954387,
        "p95": 50210.50770036454,
        "p99": 50210.50770036454
      },
      "normalized": {
        "throughput_ops_per_sec": 49886.69316518528,
        "latency_ms_per_op": 0.02004542567471431
      }
    },
    "SimpleErrorLoad_validateMixedTokens50": {
      "score": 86705.35564469862,
      "unit": "ops/s",
      "mode": "Throughput",
      "statistics": {
        "mean": 86705.35564469862,
        "stddev": 625.2675834915004,
        "min": 85594.79479837972,
        "max": 87063.47683320483,
        "n": 5,
        "p50": 87003.60805212206,
        "p95": 87063.47683320483,
        "p99": 87063.47683320483
      },
      "normalized": {
        "throughput_ops_per_sec": 86705.35564469862,
        "latency_ms_per_op": 0.011533312937413024
      }
    },
    "SimpleCoreValidation_measureAverageTime": {
      "score": 162.7798198845466,
      "unit": "us/op",
      "mode": "AverageTime",
      "statistics": {
        "mean": 162.7798198845466,
        "stddev": 0.6383520547491027,
        "min": 161.96273372723158,
        "max": 163.27558466868868,
        "n": 5,
        "p50": 163.1885564828008,
        "p95": 163.27558466868868,
        "p99": 163.27558466868868
      },
      "normalized": {
        "throughput_ops_per_sec": 0.006143267640357761,
        "latency_ms_per_op": 162779.81988454662
      }
    },
    "SimpleCoreValidation_measureConcurrentValidation": {
      "score": 164.08735747972588,
      "unit": "us/op",
      "mode": "AverageTime",
      "statistics": {
        "mean": 164.08735747972588,
        "stddev": 0.427199941421228,
        "min": 163.62719895121543,
        "max": 164.74568058623012,
        "n": 5,
        "p50": 163.9617833659579,
        "p95": 164.74568058623012,
        "p99": 164.74568058623012
      },
      "normalized": {
        "throughput_ops_per_sec": 0.0060943147318559075,
        "latency_ms_per_op": 164087.35747972588
      }
    }
  },
  "summary": {
    "total_benchmarks": 5,
    "total_score": 186772.78817003686,
    "average_throughput": 62148.64033089086,
    "performance_grade": "B"
  }
}