{
  "timestamp": "2025-08-26T16:56:40.922503652Z",
  "benchmarks": {
    "SimpleCoreValidation_measureThroughput": {
      "score": 49305.16346695443,
      "unit": "ops/s",
      "mode": "Throughput",
      "statistics": {
        "mean": 49305.16346695443,
        "stddev": 76.18756316204347,
        "min": 49220.70567391277,
        "max": 49424.9939548849,
        "n": 5,
        "p50": 49306.48736388067,
        "p95": 49424.9939548849,
        "p99": 49424.9939548849
      },
      "normalized": {
        "throughput_ops_per_sec": 49305.16346695443,
        "latency_ms_per_op": 0.020281851426579803
      }
    },
    "SimpleErrorLoad_validateMixedTokens0": {
      "score": 49708.19639493161,
      "unit": "ops/s",
      "mode": "Throughput",
      "statistics": {
        "mean": 49708.19639493161,
        "stddev": 264.03392435172583,
        "min": 49262.80680889751,
        "max": 49893.235506956305,
        "n": 5,
        "p50": 49831.42382457023,
        "p95": 49893.235506956305,
        "p99": 49893.235506956305
      },
      "normalized": {
        "throughput_ops_per_sec": 49708.19639493161,
        "latency_ms_per_op": 0.020117406635618
      }
    },
    "SimpleErrorLoad_validateMixedTokens50": {
      "score": 86569.62440734814,
      "unit": "ops/s",
      "mode": "Throughput",
      "statistics": {
        "mean": 86569.62440734814,
        "stddev": 216.79678574659727,
        "min": 86344.87477768715,
        "max": 86922.30125605053,
        "n": 5,
        "p50": 86522.8683206388,
        "p95": 86922.30125605053,
        "p99": 86922.30125605053
      },
      "normalized": {
        "throughput_ops_per_sec": 86569.62440734814,
        "latency_ms_per_op": 0.011551395848670435
      }
    },
    "SimpleCoreValidation_measureAverageTime": {
      "score": 162.59773473521193,
      "unit": "us/op",
      "mode": "AverageTime",
      "statistics": {
        "mean": 162.59773473521193,
        "stddev": 0.8598401824937308,
        "min": 161.9801081581489,
        "max": 164.11008423759654,
        "n": 5,
        "p50": 162.29426080909238,
        "p95": 164.11008423759654,
        "p99": 164.11008423759654
      },
      "normalized": {
        "throughput_ops_per_sec": 0.006150147181499703,
        "latency_ms_per_op": 162597.73473521194
      }
    },
    "SimpleCoreValidation_measureConcurrentValidation": {
      "score": 164.32669138074215,
      "unit": "us/op",
      "mode": "AverageTime",
      "statistics": {
        "mean": 164.32669138074215,
        "stddev": 0.4333848280220082,
        "min": 163.91200664927396,
        "max": 165.05391925689767,
        "n": 5,
        "p50": 164.24312653864362,
        "p95": 165.05391925689767,
        "p99": 165.05391925689767
      },
      "normalized": {
        "throughput_ops_per_sec": 0.006085438656359343,
        "latency_ms_per_op": 164326.69138074215
      }
    }
  },
  "summary": {
    "total_benchmarks": 5,
    "total_score": 185909.90869535014,
    "average_throughput": 61860.99475641139,
    "performance_grade": "B"
  }
}