{
  "score": 49305.16346695443,
  "unit": "ops/s",
  "mode": "Throughput",
  "statistics": {
    "mean": 49305.16346695443,
    "stddev": 76.18756316204347,
    "min": 49220.70567391277,
    "max": 49424.9939548849,
    "n": 5,
    "p50": 49306.48736388067,
    "p95": 49424.9939548849,
    "p99": 49424.9939548849
  },
  "normalized": {
    "throughput_ops_per_sec": 49305.16346695443,
    "latency_ms_per_op": 0.020281851426579803
  }
}