{
  "score": 163.77272913413157,
  "unit": "us/op",
  "mode": "AverageTime",
  "statistics": {
    "mean": 163.77272913413157,
    "stddev": 0.5973711647213692,
    "min": 163.3225179101659,
    "max": 164.759524722117,
    "n": 5,
    "p50": 163.4651606307451,
    "p95": 164.759524722117,
    "p99": 164.759524722117
  },
  "normalized": {
    "throughput_ops_per_sec": 0.006106022689412409,
    "latency_ms_per_op": 163772.72913413157
  }
}