{
  "score": 162.59773473521193,
  "unit": "us/op",
  "mode": "AverageTime",
  "statistics": {
    "mean": 162.59773473521193,
    "stddev": 0.8598401824937308,
    "min": 161.9801081581489,
    "max": 164.11008423759654,
    "n": 5,
    "p50": 162.29426080909238,
    "p95": 164.11008423759654,
    "p99": 164.11008423759654
  },
  "normalized": {
    "throughput_ops_per_sec": 0.006150147181499703,
    "latency_ms_per_op": 162597.73473521194
  }
}