{
  "score": 161.88986964636123,
  "unit": "us/op",
  "mode": "AverageTime",
  "statistics": {
    "mean": 161.88986964636123,
    "stddev": 0.3476113059622021,
    "min": 161.35169947401934,
    "max": 162.31953602681745,
    "n": 5,
    "p50": 161.91187631519895,
    "p95": 162.31953602681745,
    "p99": 162.31953602681745
  },
  "normalized": {
    "throughput_ops_per_sec": 0.006177038762119213,
    "latency_ms_per_op": 161889.86964636124
  }
}