{
  "score": 86569.62440734814,
  "unit": "ops/s",
  "mode": "Throughput",
  "statistics": {
    "mean": 86569.62440734814,
    "stddev": 216.79678574659727,
    "min": 86344.87477768715,
    "max": 86922.30125605053,
    "n": 5,
    "p50": 86522.8683206388,
    "p95": 86922.30125605053,
    "p99": 86922.30125605053
  },
  "normalized": {
    "throughput_ops_per_sec": 86569.62440734814,
    "latency_ms_per_op": 0.011551395848670435
  }
}