{
  "score": 49154.02868719973,
  "unit": "ops/s",
  "mode": "Throughput",
  "statistics": {
    "mean": 49154.02868719973,
    "stddev": 70.46316131169806,
    "min": 49089.67954128813,
    "max": 49261.62155786713,
    "n": 5,
    "p50": 49133.23023413366,
    "p95": 49261.62155786713,
    "p99": 49261.62155786713
  },
  "normalized": {
    "throughput_ops_per_sec": 49154.02868719973,
    "latency_ms_per_op": 0.020344212401463065
  }
}