{
  "score": 163.8769535170319,
  "unit": "us/op",
  "mode": "AverageTime",
  "statistics": {
    "mean": 163.8769535170319,
    "stddev": 0.33559142651316115,
    "min": 163.4553287649281,
    "max": 164.200753831766,
    "n": 5,
    "p50": 164.00204883677384,
    "p95": 164.200753831766,
    "p99": 164.200753831766
  },
  "normalized": {
    "throughput_ops_per_sec": 0.006102139309638002,
    "latency_ms_per_op": 163876.95351703188
  }
}