{
  "score": 164.50862642927123,
  "unit": "us/op",
  "mode": "AverageTime",
  "statistics": {
    "mean": 164.50862642927123,
    "stddev": 1.0314620172610156,
    "min": 163.29849472469692,
    "max": 165.7822797149558,
    "n": 5,
    "p50": 164.46774023841385,
    "p95": 165.7822797149558,
    "p99": 165.7822797149558
  },
  "normalized": {
    "throughput_ops_per_sec": 0.006078708586324132,
    "latency_ms_per_op": 164508.62642927124
  }
}