{
  "score": 162.33285196550034,
  "unit": "us/op",
  "mode": "AverageTime",
  "statistics": {
    "mean": 162.33285196550034,
    "stddev": 0.6862696031320829,
    "min": 161.5285365688563,
    "max": 163.39792039691443,
    "n": 5,
    "p50": 162.28913139942603,
    "p95": 163.39792039691443,
    "p99": 163.39792039691443
  },
  "normalized": {
    "throughput_ops_per_sec": 0.006160182537866853,
    "latency_ms_per_op": 162332.85196550033
  }
}