{
  "score": 48804.56143207681,
  "unit": "ops/s",
  "mode": "Throughput",
  "statistics": {
    "mean": 48804.56143207681,
    "stddev": 407.5058961401099,
    "min": 48100.86075117096,
    "max": 49094.84618364308,
    "n": 5,
    "p50": 49006.77097660798,
    "p95": 49094.84618364308,
    "p99": 49094.84618364308
  },
  "normalized": {
    "throughput_ops_per_sec": 48804.56143207681,
    "latency_ms_per_op": 0.020489888048512404
  }
}