{
  "score": 49271.92431036853,
  "unit": "ops/s",
  "mode": "Throughput",
  "statistics": {
    "mean": 49271.92431036853,
    "stddev": 232.27471686700926,
    "min": 48864.33888973309,
    "max": 49441.663654891214,
    "n": 5,
    "p50": 49360.48945038839,
    "p95": 49441.663654891214,
    "p99": 49441.663654891214
  },
  "normalized": {
    "throughput_ops_per_sec": 49271.92431036853,
    "latency_ms_per_op": 0.020295533693811207
  }
}