{
  "score": 86705.35564469862,
  "unit": "ops/s",
  "mode": "Throughput",
  "statistics": {
    "mean": 86705.35564469862,
    "stddev": 625.2675834915004,
    "min": 85594.79479837972,
    "max": 87063.47683320483,
    "n": 5,
    "p50": 87003.60805212206,
    "p95": 87063.47683320483,
    "p99": 87063.47683320483
  },
  "normalized": {
    "throughput_ops_per_sec": 86705.35564469862,
    "latency_ms_per_op": 0.011533312937413024
  }
}