{
  "score": 48849.00908361414,
  "unit": "ops/s",
  "mode": "Throughput",
  "statistics": {
    "mean": 48849.00908361414,
    "stddev": 181.88586285554754,
    "min": 48526.59571089046,
    "max": 48965.78544412619,
    "n": 5,
    "p50": 48915.77710776373,
    "p95": 48965.78544412619,
    "p99": 48965.78544412619
  },
  "normalized": {
    "throughput_ops_per_sec": 48849.00908361414,
    "latency_ms_per_op": 0.020471244325310972
  }
}