{
  "score": 48947.70440219969,
  "unit": "ops/s",
  "mode": "Throughput",
  "statistics": {
    "mean": 48947.70440219969,
    "stddev": 88.16761816277344,
    "min": 48861.57722311081,
    "max": 49056.307232657164,
    "n": 5,
    "p50": 48914.576313903264,
    "p95": 49056.307232657164,
    "p99": 49056.307232657164
  },
  "normalized": {
    "throughput_ops_per_sec": 48947.70440219969,
    "latency_ms_per_op": 0.020429967292910686
  }
}