{
  "score": 163.50847717510487,
  "unit": "us/op",
  "mode": "AverageTime",
  "statistics": {
    "mean": 163.50847717510487,
    "stddev": 0.8308717142904306,
    "min": 162.35475861041007,
    "max": 164.32837181354162,
    "n": 5,
    "p50": 163.5930940947406,
    "p95": 164.32837181354162,
    "p99": 164.32837181354162
  },
  "normalized": {
    "throughput_ops_per_sec": 0.006115890853347485,
    "latency_ms_per_op": 163508.47717510487
  }
}