{
  "score": 49853.87218278869,
  "unit": "ops/s",
  "mode": "Throughput",
  "statistics": {
    "mean": 49853.87218278869,
    "stddev": 90.96398303785122,
    "min": 49705.05434747085,
    "max": 49928.28563136963,
    "n": 5,
    "p50": 49858.62073426859,
    "p95": 49928.28563136963,
    "p99": 49928.28563136963
  },
  "normalized": {
    "throughput_ops_per_sec": 49853.87218278869,
    "latency_ms_per_op": 0.020058622454310282
  }
}