{
  "score": 165.63238430415092,
  "unit": "us/op",
  "mode": "AverageTime",
  "statistics": {
    "mean": 165.63238430415092,
    "stddev": 1.566305202823066,
    "min": 164.26271007483385,
    "max": 168.11532346191458,
    "n": 5,
    "p50": 165.17440499416446,
    "p95": 168.11532346191458,
    "p99": 168.11532346191458
  },
  "normalized": {
    "throughput_ops_per_sec": 0.006037466671757251,
    "latency_ms_per_op": 165632.3843041509
  }
}