{
  "score": 164.62280681340545,
  "unit": "us/op",
  "mode": "AverageTime",
  "statistics": {
    "mean": 164.62280681340545,
    "stddev": 0.5058125882280792,
    "min": 164.24390944362145,
    "max": 165.49431819028436,
    "n": 5,
    "p50": 164.53377465455273,
    "p95": 165.49431819028436,
    "p99": 165.49431819028436
  },
  "normalized": {
    "throughput_ops_per_sec": 0.006074492467702044,
    "latency_ms_per_op": 164622.80681340545
  }
}