{
  "score": 164.32669138074215,
  "unit": "us/op",
  "mode": "AverageTime",
  "statistics": {
    "mean": 164.32669138074215,
    "stddev": 0.4333848280220082,
    "min": 163.91200664927396,
    "max": 165.05391925689767,
    "n": 5,
    "p50": 164.24312653864362,
    "p95": 165.05391925689767,
    "p99": 165.05391925689767
  },
  "normalized": {
    "throughput_ops_per_sec": 0.006085438656359343,
    "latency_ms_per_op": 164326.69138074215
  }
}