{
  "score": 48839.93937657161,
  "unit": "ops/s",
  "mode": "Throughput",
  "statistics": {
    "mean": 48839.93937657161,
    "stddev": 220.88493195734412,
    "min": 48449.182562503906,
    "max": 48979.94368564311,
    "n": 5,
    "p50": 48912.81886528728,
    "p95": 48979.94368564311,
    "p99": 48979.94368564311
  },
  "normalized": {
    "throughput_ops_per_sec": 48839.93937657161,
    "latency_ms_per_op": 0.020475045889997507
  }
}