{
  "score": 87850.3968529531,
  "unit": "ops/s",
  "mode": "Throughput",
  "statistics": {
    "mean": 87850.3968529531,
    "stddev": 79.5094041893661,
    "min": 87766.98826650878,
    "max": 87970.07399024238,
    "n": 5,
    "p50": 87842.80848992977,
    "p95": 87970.07399024238,
    "p99": 87970.07399024238
  },
  "normalized": {
    "throughput_ops_per_sec": 87850.3968529531,
    "latency_ms_per_op": 0.011382987850058698
  }
}