{
  "score": 49886.69316518528,
  "unit": "ops/s",
  "mode": "Throughput",
  "statistics": {
    "mean": 49886.69316518528,
    "stddev": 600.1024575057685,
    "min": 48815.30451299984,
    "max": 50210.50770036454,
    "n": 5,
    "p50": 50136.30591954387,
    "p95": 50210.50770036454,
    "p99": 50210.50770036454
  },
  "normalized": {
    "throughput_ops_per_sec": 49886.69316518528,
    "latency_ms_per_op": 0.02004542567471431
  }
}