{
  "score": 48992.15927351675,
  "unit": "ops/s",
  "mode": "Throughput",
  "statistics": {
    "mean": 48992.15927351675,
    "stddev": 58.163806777751965,
    "min": 48889.54258647981,
    "max": 49029.2212393429,
    "n": 5,
    "p50": 49017.12599054561,
    "p95": 49029.2212393429,
    "p99": 49029.2212393429
  },
  "normalized": {
    "throughput_ops_per_sec": 48992.15927351675,
    "latency_ms_per_op": 0.02041142939663329
  }
}