{
  "score": 49215.509639843694,
  "unit": "ops/s",
  "mode": "Throughput",
  "statistics": {
    "mean": 49215.509639843694,
    "stddev": 97.01081487476415,
    "min": 49081.36646496967,
    "max": 49327.448786932015,
    "n": 5,
    "p50": 49204.6216134715,
    "p95": 49327.448786932015,
    "p99": 49327.448786932015
  },
  "normalized": {
    "throughput_ops_per_sec": 49215.509639843694,
    "latency_ms_per_op": 0.020318798023589376
  }
}