{
  "score": 87350.88039821177,
  "unit": "ops/s",
  "mode": "Throughput",
  "statistics": {
    "mean": 87350.88039821177,
    "stddev": 282.9783117740704,
    "min": 87059.38749192811,
    "max": 87774.36049368087,
    "n": 5,
    "p50": 87307.2866928903,
    "p95": 87774.36049368087,
    "p99": 87774.36049368087
  },
  "normalized": {
    "throughput_ops_per_sec": 87350.88039821177,
    "latency_ms_per_op": 0.011448081524092707
  }
}