{
  "score": 85384.9725376264,
  "unit": "ops/s",
  "mode": "Throughput",
  "statistics": {
    "mean": 85384.9725376264,
    "stddev": 844.4622950161892,
    "min": 84667.40520284747,
    "max": 86407.47711831708,
    "n": 5,
    "p50": 84955.39781726134,
    "p95": 86407.47711831708,
    "p99": 86407.47711831708
  },
  "normalized": {
    "throughput_ops_per_sec": 85384.9725376264,
    "latency_ms_per_op": 0.011711662723312727
  }
}