{
  "score": 162.7798198845466,
  "unit": "us/op",
  "mode": "AverageTime",
  "statistics": {
    "mean": 162.7798198845466,
    "stddev": 0.6383520547491027,
    "min": 161.96273372723158,
    "max": 163.27558466868868,
    "n": 5,
    "p50": 163.1885564828008,
    "p95": 163.27558466868868,
    "p99": 163.27558466868868
  },
  "normalized": {
    "throughput_ops_per_sec": 0.006143267640357761,
    "latency_ms_per_op": 162779.81988454662
  }
}