{
  "score": 164.08735747972588,
  "unit": "us/op",
  "mode": "AverageTime",
  "statistics": {
    "mean": 164.08735747972588,
    "stddev": 0.427199941421228,
    "min": 163.62719895121543,
    "max": 164.74568058623012,
    "n": 5,
    "p50": 163.9617833659579,
    "p95": 164.74568058623012,
    "p99": 164.74568058623012
  },
  "normalized": {
    "throughput_ops_per_sec": 0.0060943147318559075,
    "latency_ms_per_op": 164087.35747972588
  }
}