{
  "score": 87693.53296473101,
  "unit": "ops/s",
  "mode": "Throughput",
  "statistics": {
    "mean": 87693.53296473101,
    "stddev": 193.83818551320726,
    "min": 87465.5910054403,
    "max": 87893.14663453169,
    "n": 5,
    "p50": 87763.39268606533,
    "p95": 87893.14663453169,
    "p99": 87893.14663453169
  },
  "normalized": {
    "throughput_ops_per_sec": 87693.53296473101,
    "latency_ms_per_op": 0.011403349439715065
  }
}