{
  "score": 49708.19639493161,
  "unit": "ops/s",
  "mode": "Throughput",
  "statistics": {
    "mean": 49708.19639493161,
    "stddev": 264.03392435172583,
    "min": 49262.80680889751,
    "max": 49893.235506956305,
    "n": 5,
    "p50": 49831.42382457023,
    "p95": 49893.235506956305,
    "p99": 49893.235506956305
  },
  "normalized": {
    "throughput_ops_per_sec": 49708.19639493161,
    "latency_ms_per_op": 0.020117406635618
  }
}